,SV.,SS.,SM.,OA.,V.,ND.,LC.,U.,8N.,Pokémon,,Format,Index
,-,-,-,-,-,-,-,-,-,-,,SV,0
,1,1,1,1,1,1,12,1,1,Bulbasaur,,SS,1
,1,-,-,-,-,-,-,-,-,Bulbasaur (T),,SM,2
,-,-,1,-,-,-,-,-,-,Bulbasaur (Z),,ORAS,3
,1,1,1,1,1,1,-,1,1,Ivysaur,,VGC,4
,1,-,-,-,-,-,-,-,-,Ivysaur (T),,National Dex,5
,-,-,1,-,-,-,-,-,-,Ivysaur (Z),,Little Cup,6
,8,6,5,6,8,7,-,9,7,Venusaur,,Natdex Ubers,7
,8,-,-,-,-,-,-,-,-,Venusaur (T),,SS National Dex,8
,-,-,5,-,-,-,-,-,-,Venusaur (Z),,,
,-,-,8,10,-,11,-,10,12,Mega Venusaur,,,
,1,1,1,1,1,1,6,1,1,Charmander,,,
,1,-,-,-,-,-,-,-,-,Charmander (T),,,
,-,-,1,-,-,-,-,-,-,Charmander (Z),,,
,1,1,1,1,1,1,-,1,1,Charmeleon,,,
,1,-,-,-,-,-,-,-,-,Charmeleon (T),,,
,-,-,1,-,-,-,-,-,-,Charmeleon (Z),,,
,3,2,2,2,4,3,-,6,3,Charizard,,,
,3,-,-,-,-,-,-,-,-,Charizard (T),,,
,-,-,2,-,-,-,-,-,-,Charizard (Z),,,
,-,-,17,16,-,15,-,16,16,Mega Charizard X,,,
,-,-,13,13,-,13,-,11,12,Mega Charizard Y,,,
,1,1,1,1,1,1,10,1,1,Squirtle,,,
,1,-,-,-,-,-,-,-,-,Squirtle (T),,,
,-,-,1,-,-,-,-,-,-,Squirtle (Z),,,
,1,1,1,1,1,1,-,1,1,Wartortle,,,
,1,-,-,-,-,-,-,-,-,Wartortle (T),,,
,-,-,1,-,-,-,-,-,-,Wartortle (Z),,,
,8,13,8,10,8,10,-,8,11,Blastoise,,,
,10,-,-,-,-,-,-,-,-,Blastoise (T),,,
,-,-,8,-,-,-,-,-,-,Blastoise (Z),,,
,-,-,10,13,-,99,-,22,12,Mega Blastoise,,,
,-,1,1,1,-,1,1,1,1,Caterpie,,,
,-,-,-,-,-,-,-,-,-,Caterpie (T),,,
,-,-,1,-,-,-,-,-,-,Caterpie (Z),,,
,-,1,1,1,-,1,-,1,1,Metapod,,,
,-,-,-,-,-,-,-,-,-,Metapod (T),,,
,-,-,1,-,-,-,-,-,-,Metapod (Z),,,
,-,1,1,1,-,1,-,1,1,Butterfree,,,
,-,-,-,-,-,-,-,-,-,Butterfree (T),,,
,-,-,1,-,-,-,-,-,-,Butterfree (Z),,,
,-,-,1,1,-,1,1,1,1,Weedle,,,
,-,-,-,-,-,-,-,-,-,Weedle (T),,,
,-,-,1,-,-,-,-,-,-,Weedle (Z),,,
,-,-,1,1,-,1,-,1,1,Kakuna,,,
,-,-,-,-,-,-,-,-,-,Kakuna (T),,,
,-,-,1,-,-,-,-,-,-,Kakuna (Z),,,
,-,-,1,1,-,1,-,1,1,Beedrill,,,
,-,-,-,-,-,-,-,-,-,Beedrill (T),,,
,-,-,1,-,-,-,-,-,-,Beedrill (Z),,,
,-,-,10,7,-,11,-,8,11,Mega Beedrill,,,
,-,-,1,1,-,1,3,1,1,Pidgey,,,
,-,-,-,-,-,-,-,-,-,Pidgey (T),,,
,-,-,1,-,-,-,-,-,-,Pidgey (Z),,,
,-,-,1,1,-,1,-,1,1,Pidgeotto,,,
,-,-,-,-,-,-,-,-,-,Pidgeotto (T),,,
,-,-,1,-,-,-,-,-,-,Pidgeotto (Z),,,
,-,-,1,1,-,1,-,1,1,Pidgeot,,,
,-,-,-,-,-,-,-,-,-,Pidgeot (T),,,
,-,-,1,-,-,-,-,-,-,Pidgeot (Z),,,
,-,-,12,8,-,11,-,6,12,Mega Pidgeot,,,
,-,-,1,1,-,1,7,1,1,Rattata,,,
,-,-,-,-,-,-,-,-,-,Rattata (T),,,
,-,-,1,-,-,-,-,-,-,Rattata (Z),,,
,-,-,1,-,-,1,9,1,1,Alolan Rattata,,,
,-,-,-,-,-,-,-,-,-,Alolan Rattata (T),,,
,-,-,1,-,-,-,-,-,-,Alolan Rattata (Z),,,
,-,-,1,2,-,1,-,1,1,Raticate,,,
,-,-,-,-,-,-,-,-,-,Raticate (T),,,
,-,-,1,-,-,-,-,-,-,Raticate (Z),,,
,-,-,1,-,-,2,-,1,2,Alolan Raticate,,,
,-,-,-,-,-,-,-,-,-,Alolan Raticate (T),,,
,-,-,1,-,-,-,-,-,-,Alolan Raticate (Z),,,
,-,-,1,1,-,1,6,1,1,Spearow,,,
,-,-,-,-,-,-,-,-,-,Spearow (T),,,
,-,-,1,-,-,-,-,-,-,Spearow (Z),,,
,-,-,1,1,-,1,-,1,1,Fearow,,,
,-,-,-,-,-,-,-,-,-,Fearow (T),,,
,-,-,1,-,-,-,-,-,-,Fearow (Z),,,
,1,-,1,1,1,1,7,1,1,Ekans,,,
,1,-,-,-,-,-,-,-,-,Ekans (T),,,
,-,-,1,-,-,-,-,-,-,Ekans (Z),,,
,2,-,1,1,2,1,-,1,1,Arbok,,,
,2,-,-,-,-,-,-,-,-,Arbok (T),,,
,-,-,1,-,-,-,-,-,-,Arbok (Z),,,
,1,1,1,1,2,1,-,1,1,Pikachu,,,
,1,-,-,-,-,-,-,-,-,Pikachu (T),,,
,-,-,-,-,-,-,-,-,99,Pikachu-Cosplay,,,
,-,-,-,-,-,-,-,-,-,Pikachu-Cosplay (T),,,
,-,-,-,-,-,-,-,-,99,Pikachu-Starter,,,
,-,-,-,-,-,-,-,-,-,Pikachu-Starter (T),,,
,-,-,1,-,-,-,-,-,-,Pikachu (Z),,,
,-,-,1,-,-,-,-,-,-,Pikachu-Cosplay (Z),,,
,-,-,1,-,-,-,-,-,-,Pikachu-Starter (Z),,,
,2,3,3,3,7,3,-,4,2,Raichu,,,
,2,-,-,-,-,-,-,-,-,Raichu (T),,,
,-,-,3,-,-,-,-,-,-,Raichu (Z),,,
,3,3,4,-,3,4,-,4,5,Alolan Raichu,,,
,3,-,-,-,-,-,-,-,-,Alolan Raichu (T),,,
,-,-,4,-,-,-,-,-,-,Alolan Raichu (Z),,,
,1,1,1,1,1,1,10,1,1,Sandshrew,,,
,1,-,-,-,-,-,-,-,-,Sandshrew (T),,,
,-,-,1,-,-,-,-,-,-,Sandshrew (Z),,,
,1,1,1,-,1,1,12,1,1,Alolan Sandshrew,,,
,1,-,-,-,-,-,-,-,-,Alolan Sandshrew (T),,,
,-,-,1,-,-,-,-,-,-,Alolan Sandshrew (Z),,,
,1,2,2,2,3,2,-,2,3,Sandslash,,,
,1,-,-,-,-,-,-,-,-,Sandslash (T),,,
,-,-,2,-,-,-,-,-,-,Sandslash (Z),,,
,2,2,2,-,3,2,-,3,2,Alolan Sandslash,,,
,2,-,-,-,-,-,-,-,-,Alolan Sandslash (T),,,
,-,-,2,-,-,-,-,-,-,Alolan Sandslash (Z),,,
,-,1,1,1,-,1,2,1,1,Nidoran-Female,,,
,-,-,-,-,-,-,-,-,-,Nidoran-Female (T),,,
,-,-,1,-,-,-,-,-,-,Nidoran-Female (Z),,,
,-,1,1,1,-,1,-,1,1,Nidorina,,,
,-,-,-,-,-,-,-,-,-,Nidorina (T),,,
,-,-,1,-,-,-,-,-,-,Nidorina (Z),,,
,-,13,13,13,-,13,-,13,12,Nidoqueen,,,
,-,-,-,-,-,-,-,-,-,Nidoqueen (T),,,
,-,-,13,-,-,-,-,-,-,Nidoqueen (Z),,,
,-,1,1,1,-,1,2,1,1,Nidoran-Male,,,
,-,-,-,-,-,-,-,-,-,Nidoran-Male (T),,,
,-,-,1,-,-,-,-,-,-,Nidoran-Male (Z),,,
,-,1,1,1,-,1,-,1,1,Nidorino,,,
,-,-,-,-,-,-,-,-,-,Nidorino (T),,,
,-,-,1,-,-,-,-,-,-,Nidorino (Z),,,
,-,14,14,13,-,13,-,13,13,Nidoking,,,
,-,-,-,-,-,-,-,-,-,Nidoking (T),,,
,-,-,14,-,-,-,-,-,-,Nidoking (Z),,,
,1,2,4,3,14,1,-,2,5,Clefairy,,,
,1,-,-,-,-,-,-,-,-,Clefairy (T),,,
,-,-,4,-,-,-,-,-,-,Clefairy (Z),,,
,11,14,13,17,14,13,-,16,17,Clefable,,,
,11,-,-,-,-,-,-,-,-,Clefable (T),,,
,-,-,13,-,-,-,-,-,-,Clefable (Z),,,
,1,1,1,1,1,1,13,1,1,Vulpix,,,
,1,-,-,-,-,-,-,-,-,Vulpix (T),,,
,-,-,1,-,-,-,-,-,-,Vulpix (Z),,,
,1,1,1,-,1,1,11,1,1,Alolan Vulpix,,,
,1,-,-,-,-,-,-,-,-,Alolan Vulpix (T),,,
,-,-,1,-,-,-,-,-,-,Alolan Vulpix (Z),,,
,8,3,3,4,8,8,-,4,4,Ninetales,,,
,8,-,-,-,-,-,-,-,-,Ninetales (T),,,
,-,-,3,-,-,-,-,-,-,Ninetales (Z),,,
,8,7,7,-,13,8,-,11,10,Alolan Ninetales,,,
,8,-,-,-,-,-,-,-,-,Alolan Ninetales (T),,,
,-,-,7,-,-,-,-,-,-,Alolan Ninetales (Z),,,
,1,1,1,1,1,1,-,1,1,Jigglypuff,,,
,1,-,-,-,-,-,-,-,-,Jigglypuff (T),,,
,-,-,1,-,-,-,-,-,-,Jigglypuff (Z),,,
,1,1,1,1,2,1,-,1,2,Wigglytuff,,,
,1,-,-,-,-,-,-,-,-,Wigglytuff (T),,,
,-,-,1,-,-,-,-,-,-,Wigglytuff (Z),,,
,-,1,1,1,-,1,5,1,1,Zubat,,,
,-,-,-,-,-,-,-,-,-,Zubat (T),,,
,-,-,1,-,-,-,-,-,-,Zubat (Z),,,
,-,2,2,4,-,2,-,3,2,Golbat,,,
,-,-,-,-,-,-,-,-,-,Golbat (T),,,
,-,-,2,-,-,-,-,-,-,Golbat (Z),,,
,1,1,1,1,1,1,9,1,1,Oddish,,,
,1,-,-,-,-,-,-,-,-,Oddish (T),,,
,-,-,1,-,-,-,-,-,-,Oddish (Z),,,
,1,1,1,1,1,1,-,1,1,Gloom,,,
,1,-,-,-,-,-,-,-,-,Gloom (T),,,
,-,-,1,-,-,-,-,-,-,Gloom (Z),,,
,4,5,5,3,5,5,-,5,5,Vileplume,,,
,4,-,-,-,-,-,-,-,-,Vileplume (T),,,
,-,-,5,-,-,-,-,-,-,Vileplume (Z),,,
,-,-,1,1,-,1,6,1,1,Paras,,,
,-,-,-,-,-,-,-,-,-,Paras (T),,,
,-,-,1,-,-,-,-,-,-,Paras (Z),,,
,-,-,1,1,-,1,-,1,1,Parasect,,,
,-,-,-,-,-,-,-,-,-,Parasect (T),,,
,-,-,1,-,-,-,-,-,-,Parasect (Z),,,
,1,-,1,1,1,1,4,1,1,Venonat,,,
,1,-,-,-,-,-,-,-,-,Venonat (T),,,
,-,-,1,-,-,-,-,-,-,Venonat (Z),,,
,3,-,4,6,5,5,-,6,6,Venomoth,,,
,3,-,-,-,-,-,-,-,-,Venomoth (T),,,
,-,-,4,-,-,-,-,-,-,Venomoth (Z),,,
,1,1,1,1,1,1,13,1,1,Diglett,,,
,1,-,-,-,-,-,-,-,-,Diglett (T),,,
,-,-,1,-,-,-,-,-,-,Diglett (Z),,,
,1,1,1,-,1,1,9,1,1,Alolan Diglett,,,
,1,-,-,-,-,-,-,-,-,Alolan Diglett (T),,,
,-,-,1,-,-,-,-,-,-,Alolan Diglett (Z),,,
,7,6,8,10,3,9,-,10,10,Dugtrio,,,
,7,-,-,-,-,-,-,-,-,Dugtrio (T),,,
,-,-,8,-,-,-,-,-,-,Dugtrio (Z),,,
,1,1,1,-,2,1,-,1,2,Alolan Dugtrio,,,
,1,-,-,-,-,-,-,-,-,Alolan Dugtrio (T),,,
,-,-,1,-,-,-,-,-,-,Alolan Dugtrio (Z),,,
,1,1,1,1,1,1,12,1,1,Meowth,,,
,1,-,-,-,-,-,-,-,-,Meowth (T),,,
,-,-,1,-,-,-,-,-,-,Meowth (Z),,,
,1,1,1,-,1,1,8,1,1,Alolan Meowth,,,
,1,-,-,-,-,-,-,-,-,Alolan Meowth (T),,,
,-,-,1,-,-,-,-,-,-,Alolan Meowth (Z),,,
,1,1,-,-,1,1,8,1,1,Galarian Meowth,,,
,1,-,-,-,-,-,-,-,-,Galarian Meowth (T),,,
,-,-,-,-,-,-,-,-,-,Galarian Meowth (Z),,,
,1,1,1,2,3,1,-,1,1,Persian,,,
,1,-,-,-,-,-,-,-,-,Persian (T),,,
,-,-,1,-,-,-,-,-,-,Persian (Z),,,
,4,6,6,-,9,4,-,5,7,Alolan Persian,,,
,4,-,-,-,-,-,-,-,-,Alolan Persian (T),,,
,-,-,6,-,-,-,-,-,-,Alolan Persian (Z),,,
,1,1,1,1,1,1,5,1,1,Psyduck,,,
,1,-,-,-,-,-,-,-,-,Psyduck (T),,,
,-,-,1,-,-,-,-,-,-,Psyduck (Z),,,
,1,1,1,1,3,1,-,1,2,Golduck,,,
,1,-,-,-,-,-,-,-,-,Golduck (T),,,
,-,-,1,-,-,-,-,-,-,Golduck (Z),,,
,1,-,1,1,1,1,10,1,1,Mankey,,,
,1,-,-,-,-,-,-,-,-,Mankey (T),,,
,-,-,1,-,-,-,-,-,-,Mankey (Z),,,
,2,-,2,3,4,2,-,4,3,Primeape,,,
,2,-,-,-,-,-,-,-,-,Primeape (T),,,
,-,-,2,-,-,-,-,-,-,Primeape (Z),,,
,1,1,1,1,1,1,8,1,1,Growlithe,,,
,1,-,-,-,-,-,-,-,-,Growlithe (T),,,
,-,-,1,-,-,-,-,-,-,Growlithe (Z),,,
,1,-,-,-,1,1,11,1,,Hisuian Growlithe,,,
,1,-,-,-,-,-,-,-,-,Hisuian Growlithe (T),,,
,-,-,-,-,-,-,-,-,-,Hisuian Growlithe (Z),,,
,7,9,8,8,12,8,-,13,11,Arcanine,,,
,7,-,-,-,-,-,-,-,-,Arcanine (T),,,
,-,-,8,-,-,-,-,-,-,Arcanine (Z),,,
,10,-,-,-,13,11,-,9,,Hisuian Arcanine,,,
,11,-,-,-,-,-,-,-,-,Hisuian Arcanine (T),,,
,-,-,-,-,-,-,-,-,-,Hisuian Arcanine (Z),,,
,1,1,1,1,1,1,6,1,1,Poliwag,,,
,1,-,-,-,-,-,-,-,-,Poliwag (T),,,
,-,-,1,-,-,-,-,-,-,Poliwag (Z),,,
,1,1,1,1,1,1,-,1,1,Poliwhirl,,,
,1,-,-,-,-,-,-,-,-,Poliwhirl (T),,,
,-,-,1,-,-,-,-,-,-,Poliwhirl (Z),,,
,3,2,3,3,3,2,-,5,4,Poliwrath,,,
,3,-,-,-,-,-,-,-,-,Poliwrath (T),,,
,-,-,3,-,-,-,-,-,-,Poliwrath (Z),,,
,-,1,1,1,-,1,14,1,1,Abra,,,
,-,-,-,-,-,-,-,-,-,Abra (T),,,
,-,-,1,-,-,-,-,-,-,Abra (Z),,,
,-,1,1,1,-,1,-,1,1,Kadabra,,,
,-,-,-,-,-,-,-,-,-,Kadabra (T),,,
,-,-,1,-,-,-,-,-,-,Kadabra (Z),,,
,-,7,8,8,-,8,-,8,10,Alakazam,,,
,-,-,-,-,-,-,-,-,-,Alakazam (T),,,
,-,-,8,-,-,-,-,-,-,Alakazam (Z),,,
,-,-,99,99,-,99,-,15,99,Mega Alakazam,,,
,-,1,1,1,-,1,8,1,1,Machop,,,
,-,-,-,-,-,-,-,-,-,Machop (T),,,
,-,-,1,-,-,-,-,-,-,Machop (Z),,,
,-,1,1,1,-,1,-,1,1,Machoke,,,
,-,-,-,-,-,-,-,-,-,Machoke (T),,,
,-,-,1,-,-,-,-,-,-,Machoke (Z),,,
,-,5,4,4,-,4,-,4,6,Machamp,,,
,-,-,-,-,-,-,-,-,-,Machamp (T),,,
,-,-,4,-,-,-,-,-,-,Machamp (Z),,,
,1,-,1,1,1,1,8,1,1,Bellsprout,,,
,1,-,-,-,-,-,-,-,-,Bellsprout (T),,,
,-,-,1,-,-,-,-,-,-,Bellsprout (Z),,,
,1,-,1,1,1,1,-,1,1,Weepinbell,,,
,1,-,-,-,-,-,-,-,-,Weepinbell (T),,,
,-,-,1,-,-,-,-,-,-,Weepinbell (Z),,,
,3,-,2,3,4,3,-,4,4,Victreebel,,,
,3,-,-,-,-,-,-,-,-,Victreebel (T),,,
,-,-,2,-,-,-,-,-,-,Victreebel (Z),,,
,1,1,1,1,1,1,9,1,1,Tentacool,,,
,1,-,-,-,-,-,-,-,-,Tentacool (T),,,
,-,-,1,-,-,-,-,-,-,Tentacool (Z),,,
,9,6,8,9,3,9,-,8,7,Tentacruel,,,
,9,-,-,-,-,-,-,-,-,Tentacruel (T),,,
,-,-,8,-,-,-,-,-,-,Tentacruel (Z),,,
,1,-,1,1,1,1,8,1,1,Geodude,,,
,1,-,-,-,-,-,-,-,-,Geodude (T),,,
,-,-,1,-,-,-,-,-,-,Geodude (Z),,,
,1,-,1,-,1,1,7,1,1,Alolan Geodude,,,
,1,-,-,-,-,-,-,-,-,Alolan Geodude (T),,,
,-,-,1,-,-,-,-,-,-,Alolan Geodude (Z),,,
,1,-,1,1,1,1,-,1,1,Graveler,,,
,1,-,-,-,-,-,-,-,-,Graveler (T),,,
,-,-,1,-,-,-,-,-,-,Graveler (Z),,,
,1,-,1,-,1,1,-,1,1,Alolan Graveler,,,
,1,-,-,-,-,-,-,-,-,Alolan Graveler (T),,,
,-,-,1,-,-,-,-,-,-,Alolan Graveler (Z),,,
,1,-,1,1,1,1,-,1,1,Golem,,,
,1,-,-,-,-,-,-,-,-,Golem (T),,,
,-,-,1,-,-,-,-,-,-,Golem (Z),,,
,1,-,2,-,2,1,-,2,2,Alolan Golem,,,
,1,-,-,-,-,-,-,-,-,Alolan Golem (T),,,
,-,-,2,-,-,-,-,-,-,Alolan Golem (Z),,,
,-,1,1,1,-,1,15,1,1,Ponyta,,,
,-,-,-,-,-,-,-,-,-,Ponyta (T),,,
,-,-,1,-,-,-,-,-,-,Ponyta (Z),,,
,-,1,-,-,-,1,14,1,1,Galarian Ponyta,,,
,-,-,-,-,-,-,-,-,-,Galarian Ponyta (T),,,
,-,-,-,-,-,-,-,-,-,Galarian Ponyta (Z),,,
,-,2,2,3,-,1,-,1,3,Rapidash,,,
,-,-,-,-,-,-,-,-,-,Rapidash (T),,,
,-,-,2,-,-,-,-,-,-,Rapidash (Z),,,
,-,1,-,-,-,1,-,4,2,Galarian Rapidash,,,
,-,-,-,-,-,-,-,-,-,Galarian Rapidash (T),,,
,-,-,-,-,-,-,-,-,-,Galarian Rapidash (Z),,,
,1,1,1,1,1,1,11,1,1,Slowpoke,,,
,1,-,-,-,-,-,-,-,-,Slowpoke (T),,,
,-,-,1,-,-,-,-,-,-,Slowpoke (Z),,,
,1,1,-,-,-,1,7,1,1,Galarian Slowpoke,,,
,1,-,-,-,-,-,-,-,-,Galarian Slowpoke (T),,,
,-,-,-,-,-,-,-,-,-,Galarian Slowpoke (Z),,,
,6,15,9,10,8,15,-,16,15,Slowbro,,,
,6,-,-,-,-,-,-,-,-,Slowbro (T),,,
,-,-,9,-,-,-,-,-,-,Slowbro (Z),,,
,5,5,-,-,9,6,-,8,11,Galarian Slowbro,,,
,5,-,-,-,-,-,-,-,-,Galarian Slowbro (T),,,
,-,-,-,-,-,-,-,-,-,Galarian Slowbro (Z),,,
,-,-,8,8,-,10,-,12,14,Mega Slowbro,,,
,1,1,1,1,1,1,12,1,1,Magnemite,,,
,1,-,-,-,-,-,-,-,-,Magnemite (T),,,
,-,-,1,-,-,-,-,-,-,Magnemite (Z),,,
,2,3,3,5,2,3,-,6,5,Magneton,,,
,2,-,-,-,-,-,-,-,-,Magneton (T),,,
,-,-,3,-,-,-,-,-,-,Magneton (Z),,,
,-,1,1,-,-,1,-,1,1,Farfetch'd,,,
,-,-,-,-,-,-,-,-,-,Farfetch'd (T),,,
,-,-,1,-,-,-,-,-,-,Farfetch'd (Z),,,
,-,1,-,-,-,1,13,1,1,Galarian Farfetch'd,,,
,-,-,-,-,-,-,-,-,-,Galarian Farfetch'd (T),,,
,-,-,-,-,-,-,-,-,-,Galarian Farfetch'd (Z),,,
,1,-,1,1,1,1,11,1,1,Doduo,,,
,1,-,-,-,-,-,-,-,-,Doduo (T),,,
,-,-,1,-,-,-,-,-,-,Doduo (Z),,,
,1,-,3,2,3,1,-,2,2,Dodrio,,,
,1,-,-,-,-,-,-,-,-,Dodrio (T),,,
,-,-,3,-,-,-,-,-,-,Dodrio (Z),,,
,1,-,1,1,1,1,6,1,1,Seel,,,
,1,-,-,-,-,-,-,-,-,Seel (T),,,
,-,-,1,-,-,-,-,-,-,Seel (Z),,,
,1,-,1,1,2,1,-,1,1,Dewgong,,,
,1,-,-,-,-,-,-,-,-,Dewgong (T),,,
,-,-,1,-,-,-,-,-,-,Dewgong (Z),,,
,1,-,1,1,1,1,9,1,1,Grimer,,,
,1,-,-,-,-,-,-,-,-,Grimer (T),,,
,-,-,1,-,-,-,-,-,-,Grimer (Z),,,
,1,-,1,-,-,1,10,1,1,Alolan Grimer,,,
,1,-,-,-,-,-,-,-,-,Alolan Grimer (T),,,
,-,-,1,-,-,-,-,-,-,Alolan Grimer (Z),,,
,5,-,3,3,2,5,-,2,2,Muk,,,
,5,-,-,-,-,-,-,-,-,Muk (T),,,
,-,-,3,-,-,-,-,-,-,Muk (Z),,,
,6,-,12,-,6,9,-,14,11,Alolan Muk,,,
,6,-,-,-,-,-,-,-,-,Alolan Muk (T),,,
,-,-,12,-,-,-,-,-,-,Alolan Muk (Z),,,
,1,1,1,1,1,1,11,1,1,Shellder,,,
,1,-,-,-,-,-,-,-,-,Shellder (T),,,
,-,-,1,-,-,-,-,-,-,Shellder (Z),,,
,6,5,7,7,3,6,-,8,7,Cloyster,,,
,6,-,-,-,-,-,-,-,-,Cloyster (T),,,
,-,-,7,-,-,-,-,-,-,Cloyster (Z),,,
,1,1,1,1,1,1,15,1,1,Gastly,,,
,1,-,-,-,-,-,-,-,-,Gastly (T),,,
,-,-,1,-,-,-,-,-,-,Gastly (Z),,,
,1,1,1,1,2,2,-,1,2,Haunter,,,
,1,-,-,-,-,-,-,-,-,Haunter (T),,,
,-,-,1,-,-,-,-,-,-,Haunter (Z),,,
,9,8,10,10,6,9,-,11,13,Gengar,,,
,9,-,-,-,-,-,-,-,-,Gengar (T),,,
,-,-,10,-,-,-,-,-,-,Gengar (Z),,,
,-,-,99,99,-,99,-,99,99,Mega Gengar,,,
,-,1,1,1,-,1,11,1,1,Onix,,,
,-,-,-,-,-,-,-,-,-,Onix (T),,,
,-,-,1,-,-,-,-,-,-,Onix (Z),,,
,1,-,1,1,1,1,6,1,1,Drowzee,,,
,1,-,-,-,-,-,-,-,-,Drowzee (T),,,
,-,-,1,-,-,-,-,-,-,Drowzee (Z),,,
,1,-,1,1,2,1,-,1,1,Hypno,,,
,1,-,-,-,-,-,-,-,-,Hypno (T),,,
,-,-,1,-,-,-,-,-,-,Hypno (Z),,,
,-,1,1,1,-,1,7,1,1,Krabby,,,
,-,-,-,-,-,-,-,-,-,Krabby (T),,,
,-,-,1,-,-,-,-,-,-,Krabby (Z),,,
,-,1,1,2,-,2,-,1,2,Kingler,,,
,-,-,-,-,-,-,-,-,-,Kingler (T),,,
,-,-,1,-,-,-,-,-,-,Kingler (Z),,,
,1,-,1,1,1,1,8,1,1,Voltorb,,,
,1,-,-,-,-,-,-,-,-,Voltorb (T),,,
,-,-,1,-,-,-,-,-,-,Voltorb (Z),,,
,1,-,-,-,1,1,10,1,,Hisuian Voltorb,,,
,1,-,-,-,-,-,-,-,-,Hisuian Voltorb (T),,,
,-,-,-,-,-,-,-,-,-,Hisuian Voltorb (Z),,,
,1,-,2,2,3,2,-,2,2,Electrode,,,
,1,-,-,-,-,-,-,-,-,Electrode (T),,,
,-,-,2,-,-,-,-,-,-,Electrode (Z),,,
,5,-,-,-,4,5,-,4,,Hisuian Electrode,,,
,6,-,-,-,-,-,-,-,-,Hisuian Electrode (T),,,
,-,-,-,-,-,-,-,-,-,Hisuian Electrode (Z),,,
,1,1,1,1,1,1,5,1,1,Exeggcute,,,
,1,-,-,-,-,-,-,-,-,Exeggcute (T),,,
,-,-,1,-,-,-,-,-,-,Exeggcute (Z),,,
,1,1,1,1,3,1,-,1,2,Exeggutor,,,
,1,-,-,-,-,-,-,-,-,Exeggutor (T),,,
,-,-,1,-,-,-,-,-,-,Exeggutor (Z),,,
,2,2,3,-,3,2,-,1,2,Alolan Exeggutor,,,
,2,-,-,-,-,-,-,-,-,Alolan Exeggutor (T),,,
,-,-,3,-,-,-,-,-,-,Alolan Exeggutor (Z),,,
,-,1,1,1,-,1,6,1,1,Cubone,,,
,-,-,-,-,-,-,-,-,-,Cubone (T),,,
,-,-,1,-,-,-,-,-,-,Cubone (Z),,,
,-,1,1,2,-,1,-,2,1,Marowak,,,
,-,-,-,-,-,-,-,-,-,Marowak (T),,,
,-,-,1,-,-,-,-,-,-,Marowak (Z),,,
,-,3,4,-,-,4,-,6,5,Alolan Marowak,,,
,-,-,-,-,-,-,-,-,-,Alolan Marowak (T),,,
,-,-,4,-,-,-,-,-,-,Alolan Marowak (Z),,,
,4,5,3,5,6,5,-,7,6,Hitmonlee,,,
,4,-,-,-,-,-,-,-,-,Hitmonlee (T),,,
,-,-,3,-,-,-,-,-,-,Hitmonlee (Z),,,
,2,2,3,3,3,3,-,2,2,Hitmonchan,,,
,2,-,-,-,-,-,-,-,-,Hitmonchan (T),,,
,-,-,3,-,-,-,-,-,-,Hitmonchan (Z),,,
,-,1,1,1,-,1,9,2,1,Lickitung,,,
,-,-,-,-,-,-,-,-,-,Lickitung (T),,,
,-,-,1,-,-,-,-,-,-,Lickitung (Z),,,
,1,1,1,1,1,1,11,1,1,Koffing,,,
,1,-,-,-,-,-,-,-,-,Koffing (T),,,
,-,-,1,-,-,-,-,-,-,Koffing (Z),,,
,5,5,5,6,8,5,-,7,6,Weezing,,,
,5,-,-,-,-,-,-,-,-,Weezing (T),,,
,-,-,5,-,-,-,-,-,-,Weezing (Z),,,
,9,7,-,-,9,10,-,11,9,Galarian Weezing,,,
,9,-,-,-,-,-,-,-,-,Galarian Weezing (T),,,
,-,-,-,-,-,-,-,-,-,Galarian Weezing (Z),,,
,1,1,1,1,1,1,5,1,1,Rhyhorn,,,
,1,-,-,-,-,-,-,-,-,Rhyhorn (T),,,
,-,-,1,-,-,-,-,-,-,Rhyhorn (Z),,,
,3,3,2,4,4,2,-,3,4,Rhydon,,,
,3,-,-,-,-,-,-,-,-,Rhydon (T),,,
,-,-,2,-,-,-,-,-,-,Rhydon (Z),,,
,3,4,4,5,2,4,-,11,8,Chansey,,,
,3,-,-,-,-,-,-,-,-,Chansey (T),,,
,-,-,4,-,-,-,-,-,-,Chansey (Z),,,
,-,4,5,4,-,4,99,3,5,Tangela,,,
,-,-,-,-,-,-,-,-,-,Tangela (T),,,
,-,-,5,-,-,-,-,-,-,Tangela (Z),,,
,-,2,3,3,-,2,-,4,3,Kangaskhan,,,
,-,-,-,-,-,-,-,-,-,Kangaskhan (T),,,
,-,-,3,-,-,-,-,-,-,Kangaskhan (Z),,,
,-,-,9,99,-,99,-,21,11,Mega Kangaskhan,,,
,-,1,1,1,1,1,4,1,1,Horsea,,,
,-,-,-,-,-,-,-,-,-,Horsea (T),,,
,-,-,1,-,-,-,-,-,-,Horsea (Z),,,
,-,1,1,1,1,1,-,1,1,Seadra,,,
,-,-,-,-,-,-,-,-,-,Seadra (T),,,
,-,-,1,-,-,-,-,-,-,Seadra (Z),,,
,-,1,1,1,-,1,9,1,1,Goldeen,,,
,-,-,-,-,-,-,-,-,-,Goldeen (T),,,
,-,-,1,-,-,-,-,-,-,Goldeen (Z),,,
,-,1,1,1,-,1,-,1,1,Seaking,,,
,-,-,-,-,-,-,-,-,-,Seaking (T),,,
,-,-,1,-,-,-,-,-,-,Seaking (Z),,,
,-,1,1,1,-,1,13,1,1,Staryu,,,
,-,-,-,-,-,-,-,-,-,Staryu (T),,,
,-,-,1,-,-,-,-,-,-,Staryu (Z),,,
,-,10,12,13,-,9,-,9,10,Starmie,,,
,-,-,-,-,-,-,-,-,-,Starmie (T),,,
,-,-,12,-,-,-,-,-,-,Starmie (Z),,,
,-,1,1,1,-,1,-,1,1,Mr. Mime,,,
,-,-,-,-,-,-,-,-,-,Mr. Mime (T),,,
,-,-,1,-,-,-,-,-,-,Mr. Mime (Z),,,
,-,1,-,-,-,1,-,2,1,Galarian Mr. Mime,,,
,-,-,-,-,-,-,-,-,-,Galarian Mr. Mime (T),,,
,-,-,-,-,-,-,-,-,-,Galarian Mr. Mime (Z),,,
,3,2,1,3,2,3,99,3,4,Scyther,,,
,3,-,-,-,-,-,-,-,-,Scyther (T),,,
,-,-,1,-,-,-,-,-,-,Scyther (Z),,,
,-,1,1,1,-,1,-,1,2,Jynx,,,
,-,-,-,-,-,-,-,-,-,Jynx (T),,,
,-,-,1,-,-,-,-,-,-,Jynx (Z),,,
,1,1,1,2,11,1,-,3,3,Electabuzz,,,
,1,-,-,-,-,-,-,-,-,Electabuzz (T),,,
,-,-,1,-,-,-,-,-,-,Electabuzz (Z),,,
,1,1,1,1,11,1,-,2,2,Magmar,,,
,1,-,-,-,-,-,-,-,-,Magmar (T),,,
,-,-,1,-,-,-,-,-,-,Magmar (Z),,,
,-,1,1,2,-,1,-,2,1,Pinsir,,,
,-,-,-,-,-,-,-,-,-,Pinsir (T),,,
,-,-,1,-,-,-,-,-,-,Pinsir (Z),,,
,-,-,7,11,-,8,-,7,10,Mega Pinsir,,,
,3,3,3,4,4,3,-,3,5,Tauros,,,
,3,-,-,-,-,-,-,-,-,Tauros (T),,,
,-,-,3,-,-,-,-,-,-,Tauros (Z),,,
,2,-,-,-,4,2,-,4,,Paldean Tauros,,,
,2,-,-,-,-,-,-,-,-,Paldean Tauros (T),,,
,-,-,-,-,-,-,-,-,-,Paldean Tauros (Z),,,
,6,-,-,-,9,6,-,8,,Paldean Tauros Blaze,,,
,6,-,-,-,-,-,-,-,-,Paldean Tauros Blaze (T),,,
,-,-,-,-,-,-,-,-,-,Paldean Tauros Blaze (Z),,,
,6,-,-,-,9,7,-,8,,Paldean Tauros Aqua,,,
,6,-,-,-,-,-,-,-,-,Paldean Tauros Aqua (T),,,
,-,-,-,-,-,-,-,-,-,Paldean Tauros Aqua (Z),,,
,1,1,1,1,1,1,1,1,1,Magikarp,,,
,1,-,-,-,-,-,-,-,-,Magikarp (T),,,
,-,-,1,-,-,-,-,-,-,Magikarp (Z),,,
,7,8,7,6,11,7,-,7,9,Gyarados,,,
,8,-,-,-,-,-,-,-,-,Gyarados (T),,,
,-,-,7,-,-,-,-,-,-,Gyarados (Z),,,
,-,-,10,10,-,11,-,7,11,Mega Gyarados,,,
,2,2,1,2,2,2,-,2,3,Lapras,,,
,3,-,-,-,-,-,-,-,-,Lapras (T),,,
,-,-,1,-,-,-,-,-,-,Lapras (Z),,,
,3,4,4,4,4,3,-,12,5,Ditto,,,
,3,-,-,-,-,-,-,-,-,Ditto (T),,,
,-,-,4,-,-,-,-,-,-,Ditto (Z),,,
,1,1,1,1,1,1,8,1,1,Eevee,,,
,1,-,-,-,-,-,-,-,-,Eevee (T),,,
,-,-,-,-,-,-,99,-,99,Eevee-Starter,,,
,-,-,-,-,-,-,-,-,-,Eevee-Starter (T),,,
,-,-,1,-,-,-,-,-,-,Eevee (Z),,,
,-,-,1,-,-,-,-,-,-,Eevee-Starter (Z),,,
,6,6,7,7,7,7,-,12,11,Vaporeon,,,
,6,-,-,-,-,-,-,-,-,Vaporeon (T),,,
,-,-,7,-,-,-,-,-,-,Vaporeon (Z),,,
,2,2,5,5,5,4,-,4,5,Jolteon,,,
,6,-,-,-,-,-,-,-,-,Jolteon (T),,,
,-,-,5,-,-,-,-,-,-,Jolteon (Z),,,
,1,1,1,3,2,2,-,3,2,Flareon,,,
,1,-,-,-,-,-,-,-,-,Flareon (T),,,
,-,-,1,-,-,-,-,-,-,Flareon (Z),,,
,-,1,1,1,1,1,99,1,1,Porygon,,,
,-,-,-,-,-,-,-,-,-,Porygon (T),,,
,-,-,1,-,-,-,-,-,-,Porygon (Z),,,
,-,1,1,1,-,1,10,1,1,Omanyte,,,
,-,-,-,-,-,-,-,-,-,Omanyte (T),,,
,-,-,1,-,-,-,-,-,-,Omanyte (Z),,,
,-,3,3,3,-,2,-,5,6,Omastar,,,
,-,-,-,-,-,-,-,-,-,Omastar (T),,,
,-,-,3,-,-,-,-,-,-,Omastar (Z),,,
,-,1,1,1,-,1,10,1,1,Kabuto,,,
,-,-,-,-,-,-,-,-,-,Kabuto (T),,,
,-,-,1,-,-,-,-,-,-,Kabuto (Z),,,
,-,2,5,4,-,2,-,6,4,Kabutops,,,
,-,-,-,-,-,-,-,-,-,Kabutops (T),,,
,-,-,5,-,-,-,-,-,-,Kabutops (Z),,,
,-,4,4,5,-,6,-,9,8,Aerodactyl,,,
,-,-,-,-,-,-,-,-,-,Aerodactyl (T),,,
,-,-,4,-,-,-,-,-,-,Aerodactyl (Z),,,
,-,-,14,14,-,15,-,15,14,Mega Aerodactyl,,,
,6,7,13,13,7,7,-,13,10,Snorlax,,,
,6,-,-,-,-,-,-,-,-,Snorlax (T),,,
,-,-,13,-,-,-,-,-,-,Snorlax (Z),,,
,2,2,1,1,6,2,-,3,5,Articuno,,,
,3,-,-,-,-,-,-,-,-,Articuno (T),,,
,-,-,1,-,-,-,-,-,-,Articuno (Z),,,
,3,3,-,-,6,3,-,4,5,Galarian Articuno,,,
,3,-,-,-,-,-,-,-,-,Galarian Articuno (T),,,
,-,-,-,-,-,-,-,-,-,Galarian Articuno (Z),,,
,15,17,16,17,14,16,-,18,17,Zapdos,,,
,15,-,-,-,-,-,-,-,-,Zapdos (T),,,
,-,-,16,-,-,-,-,-,-,Zapdos (Z),,,
,10,12,-,-,12,9,-,14,14,Galarian Zapdos,,,
,10,-,-,-,-,-,-,-,-,Galarian Zapdos (T),,,
,-,-,-,-,-,-,-,-,-,Galarian Zapdos (Z),,,
,8,10,5,5,7,9,-,11,11,Moltres,,,
,8,-,-,-,-,-,-,-,-,Moltres (T),,,
,-,-,5,-,-,-,-,-,-,Moltres (Z),,,
,9,12,-,-,11,10,-,11,12,Galarian Moltres,,,
,9,-,-,-,-,-,-,-,-,Galarian Moltres (T),,,
,-,-,-,-,-,-,-,-,-,Galarian Moltres (Z),,,
,1,1,1,1,1,1,7,1,1,Dratini,,,
,1,-,-,-,-,-,-,-,-,Dratini (T),,,
,-,-,1,-,-,-,-,-,-,Dratini (Z),,,
,1,1,1,1,1,1,-,1,1,Dragonair,,,
,1,-,-,-,-,-,-,-,-,Dragonair (T),,,
,-,-,1,-,-,-,-,-,-,Dragonair (Z),,,
,14,16,10,10,15,15,-,13,15,Dragonite,,,
,-,-,-,-,-,-,-,-,-,Dragonite (T),,,
,-,-,10,-,-,-,-,-,-,Dragonite (Z),,,
,99,99,99,99,99,99,-,26,99,Mewtwo,,,
,99,-,-,-,-,-,-,-,-,Mewtwo (T),,,
,-,-,99,-,-,-,-,-,-,Mewtwo (Z),,,
,-,-,99,99,-,99,-,25,99,Mega Mewtwo X,,,
,-,-,99,99,-,99,-,30,99,Mega Mewtwo Y,,,
,11,17,17,18,99,16,-,17,17,Mew,,,
,13,-,-,-,-,-,-,-,-,Mew (T),,,
,-,-,17,-,-,-,-,-,-,Mew (Z),,,
,1,-,1,1,1,1,4,1,1,Chikorita,,,
,1,-,-,-,-,-,-,-,-,Chikorita (T),,,
,-,-,1,-,-,-,-,-,-,Chikorita (Z),,,
,1,-,1,1,1,1,-,1,1,Bayleef,,,
,1,-,-,-,-,-,-,-,-,Bayleef (T),,,
,-,-,1,-,-,-,-,-,-,Bayleef (Z),,,
,2,-,1,2,2,2,-,1,2,Meganium,,,
,2,-,-,-,-,-,-,-,-,Meganium (T),,,
,-,-,1,-,-,-,-,-,-,Meganium (Z),,,
,1,-,1,1,1,1,6,1,1,Cyndaquil,,,
,1,-,-,-,-,-,-,-,-,Cyndaquil (T),,,
,-,-,1,-,-,-,-,-,-,Cyndaquil (Z),,,
,1,-,1,1,1,1,-,1,1,Quilava,,,
,1,-,-,-,-,-,-,-,-,Quilava (T),,,
,-,-,1,-,-,-,-,-,-,Quilava (Z),,,
,2,-,2,3,5,2,-,2,2,Typhlosion,,,
,2,-,-,-,-,-,-,-,-,Typhlosion (T),,,
,-,-,2,-,-,-,-,-,-,Typhlosion (Z),,,
,3,-,-,-,6,3,-,3,,Hisuian Typhlosion,,,
,3,-,-,-,-,-,-,-,-,Hisuian Typhlosion (T),,,
,-,-,-,-,-,-,-,-,-,Hisuian Typhlosion (Z),,,
,1,-,1,1,1,1,7,1,1,Totodile,,,
,1,-,-,-,-,-,-,-,-,Totodile (T),,,
,-,-,1,-,-,-,-,-,-,Totodile (Z),,,
,1,-,1,1,1,1,-,1,1,Croconaw,,,
,1,-,-,-,-,-,-,-,-,Croconaw (T),,,
,-,-,1,-,-,-,-,-,-,Croconaw (Z),,,
,5,-,4,5,3,5,-,7,7,Feraligatr,,,
,5,-,-,-,-,-,-,-,-,Feraligatr (T),,,
,-,-,4,-,-,-,-,-,-,Feraligatr (Z),,,
,1,-,1,1,1,1,3,1,1,Sentret,,,
,1,-,-,-,-,-,-,-,-,Sentret (T),,,
,-,-,1,-,-,-,-,-,-,Sentret (Z),,,
,1,-,1,1,3,1,-,1,1,Furret,,,
,1,-,-,-,-,-,-,-,-,Furret (T),,,
,-,-,1,-,-,-,-,-,-,Furret (Z),,,
,1,1,1,1,1,1,4,1,1,Hoothoot,,,
,1,-,-,-,-,-,-,-,-,Hoothoot (T),,,
,-,-,1,-,-,-,-,-,-,Hoothoot (Z),,,
,1,1,1,1,1,1,-,1,1,Noctowl,,,
,1,-,-,-,-,-,-,-,-,Noctowl (T),,,
,-,-,1,-,-,-,-,-,-,Noctowl (Z),,,
,-,-,1,1,-,1,3,1,1,Ledyba,,,
,-,-,-,-,-,-,-,-,-,Ledyba (T),,,
,-,-,1,-,-,-,-,-,-,Ledyba (Z),,,
,-,-,1,1,-,1,-,1,1,Ledian,,,
,-,-,-,-,-,-,-,-,-,Ledian (T),,,
,-,-,1,-,-,-,-,-,-,Ledian (Z),,,
,1,-,1,1,1,1,6,1,1,Spinarak,,,
,1,-,-,-,-,-,-,-,-,Spinarak (T),,,
,-,-,1,-,-,-,-,-,-,Spinarak (Z),,,
,1,-,1,1,1,1,-,1,1,Ariados,,,
,1,-,-,-,-,-,-,-,-,Ariados (T),,,
,-,-,1,-,-,-,-,-,-,Ariados (Z),,,
,-,12,11,12,-,10,-,11,12,Crobat,,,
,-,-,-,-,-,-,-,-,-,Crobat (T),,,
,-,-,11,-,-,-,-,-,-,Crobat (Z),,,
,1,1,1,1,1,1,12,1,1,Chinchou,,,
,1,-,-,-,-,-,-,-,-,Chinchou (T),,,
,-,-,1,-,-,-,-,-,-,Chinchou (Z),,,
,4,7,6,6,3,5,-,6,6,Lanturn,,,
,4,-,-,-,-,-,-,-,-,Lanturn (T),,,
,-,-,6,-,-,-,-,-,-,Lanturn (Z),,,
,1,1,1,1,1,1,4,1,1,Pichu,,,
,1,-,-,-,-,-,-,-,-,Pichu (T),,,
,-,-,1,-,-,-,-,-,-,Pichu (Z),,,
,-,-,-,-,-,-,-,-,99,Pichu-Spiky-Eared,,,
,-,-,-,-,-,-,-,-,-,Pichu-Spiky-Eared (T),,,
,-,-,1,-,-,-,-,-,-,Pichu-Spiky-Eared (Z),,,
,1,1,1,1,1,1,2,1,1,Cleffa,,,
,1,-,-,-,-,-,-,-,-,Cleffa (T),,,
,-,-,1,-,-,-,-,-,-,Cleffa (Z),,,
,1,1,1,1,1,1,2,1,1,Igglybuff,,,
,1,-,-,-,-,-,-,-,-,Igglybuff (T),,,
,-,-,1,-,-,-,-,-,-,Igglybuff (Z),,,
,-,1,1,1,-,1,7,1,1,Togepi,,,
,-,-,-,-,-,-,-,-,-,Togepi (T),,,
,-,-,1,-,-,-,-,-,-,Togepi (Z),,,
,-,1,1,2,-,1,-,2,2,Togetic,,,
,-,-,-,-,-,-,-,-,-,Togetic (T),,,
,-,-,1,-,-,-,-,-,-,Togetic (Z),,,
,-,1,1,1,-,1,10,1,1,Natu,,,
,-,-,-,-,-,-,-,-,-,Natu (T),,,
,-,-,1,-,-,-,-,-,-,Natu (Z),,,
,-,2,3,4,-,4,-,4,3,Xatu,,,
,-,-,-,-,-,-,-,-,-,Xatu (T),,,
,-,-,3,-,-,-,-,-,-,Xatu (Z),,,
,1,-,1,1,1,1,3,1,1,Mareep,,,
,1,-,-,-,-,-,-,-,-,Mareep (T),,,
,-,-,1,-,-,-,-,-,-,Mareep (Z),,,
,1,-,1,1,1,1,-,1,1,Flaaffy,,,
,1,-,-,-,-,-,-,-,-,Flaaffy (T),,,
,-,-,1,-,-,-,-,-,-,Flaaffy (Z),,,
,1,-,1,1,1,1,-,2,2,Ampharos,,,
,1,-,-,-,-,-,-,-,-,Ampharos (T),,,
,-,-,1,-,-,-,-,-,-,Ampharos (Z),,,
,-,-,1,2,-,2,-,3,2,Mega Ampharos,,,
,1,1,1,2,2,1,-,1,1,Bellossom,,,
,1,-,-,-,-,-,-,-,-,Bellossom (T),,,
,-,-,1,-,-,-,-,-,-,Bellossom (Z),,,
,1,1,1,1,1,1,-,1,1,Marill,,,
,1,-,-,-,-,-,-,-,-,Marill (T),,,
,-,-,1,-,-,-,-,-,-,Marill (Z),,,
,11,11,12,11,13,11,-,11,12,Azumarill,,,
,11,-,-,-,-,-,-,-,-,Azumarill (T),,,
,-,-,12,-,-,-,-,-,-,Azumarill (Z),,,
,1,1,1,2,1,1,-,1,1,Sudowoodo,,,
,1,-,-,-,-,-,-,-,-,Sudowoodo (T),,,
,-,-,1,-,-,-,-,-,-,Sudowoodo (Z),,,
,5,4,7,6,10,5,-,7,7,Politoed,,,
,5,-,-,-,-,-,-,-,-,Politoed (T),,,
,-,-,7,-,-,-,-,-,-,Politoed (Z),,,
,1,-,1,1,1,1,3,1,1,Hoppip,,,
,1,-,-,-,-,-,-,-,-,Hoppip (T),,,
,-,-,1,-,-,-,-,-,-,Hoppip (Z),,,
,1,-,1,1,2,1,-,1,1,Skiploom,,,
,1,-,-,-,-,-,-,-,-,Skiploom (T),,,
,-,-,1,-,-,-,-,-,-,Skiploom (Z),,,
,1,-,1,2,8,1,-,1,1,Jumpluff,,,
,1,-,-,-,-,-,-,-,-,Jumpluff (T),,,
,-,-,1,-,-,-,-,-,-,Jumpluff (Z),,,
,1,-,1,1,1,1,12,1,1,Aipom,,,
,1,-,-,-,-,-,-,-,-,Aipom (T),,,
,-,-,1,-,-,-,-,-,-,Aipom (Z),,,
,1,-,1,1,1,1,1,1,1,Sunkern,,,
,1,-,-,-,-,-,-,-,-,Sunkern (T),,,
,-,-,1,-,-,-,-,-,-,Sunkern (Z),,,
,1,-,1,1,1,1,-,1,1,Sunflora,,,
,1,-,-,-,-,-,-,-,-,Sunflora (T),,,
,-,-,1,-,-,-,-,-,-,Sunflora (Z),,,
,1,-,1,1,1,1,99,1,1,Yanma,,,
,1,-,-,-,-,-,-,-,-,Yanma (T),,,
,-,-,1,-,-,-,-,-,-,Yanma (Z),,,
,1,1,1,1,1,1,6,1,1,Wooper,,,
,1,-,-,-,-,-,-,-,-,Wooper (T),,,
,-,-,1,-,-,-,-,-,-,Wooper (Z),,,
,1,-,-,-,1,1,6,1,,Paldean Wooper,,,
,1,-,-,-,-,-,-,-,-,Paldean Wooper (T),,,
,-,-,-,-,-,-,-,-,-,Paldean Wooper (Z),,,
,5,5,4,4,2,5,-,8,6,Quagsire,,,
,5,-,-,-,-,-,-,-,-,Quagsire (T),,,
,-,-,4,-,-,-,-,-,-,Quagsire (Z),,,
,4,2,4,4,3,4,-,7,6,Espeon,,,
,4,-,-,-,-,-,-,-,-,Espeon (T),,,
,-,-,4,-,-,-,-,-,-,Espeon (Z),,,
,5,5,6,6,5,6,-,10,8,Umbreon,,,
,5,-,-,-,-,-,-,-,-,Umbreon (T),,,
,-,-,6,-,-,-,-,-,-,Umbreon (Z),,,
,1,-,1,2,11,1,99,2,1,Murkrow,,,
,1,-,-,-,-,-,-,-,-,Murkrow (T),,,
,-,-,1,-,-,-,-,-,-,Murkrow (Z),,,
,11,12,8,10,7,11,-,14,13,Slowking,,,
,11,-,-,-,-,-,-,-,-,Slowking (T),,,
,-,-,8,-,-,-,-,-,-,Slowking (Z),,,
,15,16,-,-,8,16,-,17,17,Galarian Slowking,,,
,15,-,-,-,-,-,-,-,-,Galarian Slowking (T),,,
,-,-,-,-,-,-,-,-,-,Galarian Slowking (Z),,,
,2,-,1,3,3,2,99,2,3,Misdreavus,,,
,2,-,-,-,-,-,-,-,-,Misdreavus (T),,,
,-,-,1,-,-,-,-,-,-,Misdreavus (Z),,,
,-,-,1,1,-,99,-,99,1,Unown,,,
,-,-,-,-,-,-,-,-,-,Unown (T),,,
,-,-,1,-,-,-,-,-,-,Unown (Z),,,
,-,2,2,3,-,1,-,3,2,Wobbuffet,,,
,-,-,-,-,-,-,-,-,-,Wobbuffet (T),,,
,-,-,2,-,-,-,-,-,-,Wobbuffet (Z),,,
,1,-,1,1,1,1,99,1,1,Girafarig,,,
,1,-,-,-,-,-,-,-,-,Girafarig (T),,,
,-,-,1,-,-,-,-,-,-,Girafarig (Z),,,
,1,-,1,1,1,1,5,1,1,Pineco,,,
,1,-,-,-,-,-,-,-,-,Pineco (T),,,
,-,-,1,-,-,-,-,-,-,Pineco (Z),,,
,5,-,3,5,1,6,-,5,6,Forretress,,,
,5,-,-,-,-,-,-,-,-,Forretress (T),,,
,-,-,3,-,-,-,-,-,-,Forretress (Z),,,
,2,1,1,1,1,2,99,4,1,Dunsparce,,,
,2,-,-,-,-,-,-,-,-,Dunsparce (T),,,
,-,-,1,-,-,-,-,-,-,Dunsparce (Z),,,
,2,-,4,6,1,5,99,6,6,Gligar,,,
,2,-,-,-,-,-,-,-,-,Gligar (T),,,
,-,-,4,-,-,-,-,-,-,Gligar (Z),,,
,-,8,10,5,-,7,-,8,9,Steelix,,,
,-,-,-,-,-,-,-,-,-,Steelix (T),,,
,-,-,10,-,-,-,-,-,-,Steelix (Z),,,
,-,-,3,3,-,7,-,6,7,Mega Steelix,,,
,1,-,1,1,1,1,9,1,1,Snubbull,,,
,1,-,-,-,-,-,-,-,-,Snubbull (T),,,
,-,-,1,-,-,-,-,-,-,Snubbull (Z),,,
,4,-,6,7,4,4,-,5,5,Granbull,,,
,4,-,-,-,-,-,-,-,-,Granbull (T),,,
,-,-,6,-,-,-,-,-,-,Granbull (Z),,,
,7,7,8,7,5,6,-,7,7,Qwilfish,,,
,7,-,-,-,-,-,-,-,-,Qwilfish (T),,,
,-,-,8,-,-,-,-,-,-,Qwilfish (Z),,,
,6,-,-,-,4,6,99,7,,Hisuian Qwilfish,,,
,6,-,-,-,-,-,-,-,-,Hisuian Qwilfish (T),,,
,-,-,-,-,-,-,-,-,-,Hisuian Qwilfish (Z),,,
,12,15,13,13,7,14,-,15,15,Scizor,,,
,13,-,-,-,-,-,-,-,-,Scizor (T),,,
,-,-,13,-,-,-,-,-,-,Scizor (Z),,,
,-,-,15,16,-,18,-,19,18,Mega Scizor,,,
,-,2,2,2,-,2,-,5,2,Shuckle,,,
,-,-,-,-,-,-,-,-,-,Shuckle (T),,,
,-,-,2,-,-,-,-,-,-,Shuckle (Z),,,
,6,6,6,8,5,7,-,10,10,Heracross,,,
,6,-,-,-,-,-,-,-,-,Heracross (T),,,
,-,-,6,-,-,-,-,-,-,Heracross (Z),,,
,-,-,7,7,-,12,-,8,11,Mega Heracross,,,
,2,3,3,4,4,2,99,6,6,Sneasel,,,
,2,-,-,-,-,-,-,-,-,Sneasel (T),,,
,-,-,3,-,-,-,-,-,-,Sneasel (Z),,,
,2,-,-,-,6,2,99,3,,Hisuian Sneasel,,,
,2,-,-,-,-,-,-,-,-,Hisuian Sneasel (T),,,
,-,-,-,-,-,-,-,-,-,Hisuian Sneasel (Z),,,
,1,-,1,1,1,1,7,1,1,Teddiursa,,,
,1,-,-,-,-,-,-,-,-,Teddiursa (T),,,
,-,-,1,-,-,-,-,-,-,Teddiursa (Z),,,
,5,-,2,4,4,5,-,5,4,Ursaring,,,
,5,-,-,-,-,-,-,-,-,Ursaring (T),,,
,-,-,2,-,-,-,-,-,-,Ursaring (Z),,,
,1,-,1,1,1,1,4,1,1,Slugma,,,
,1,-,-,-,-,-,-,-,-,Slugma (T),,,
,-,-,1,-,-,-,-,-,-,Slugma (Z),,,
,1,-,1,1,1,1,-,1,1,Magcargo,,,
,1,-,-,-,-,-,-,-,-,Magcargo (T),,,
,-,-,1,-,-,-,-,-,-,Magcargo (Z),,,
,1,1,1,1,1,1,7,1,1,Swinub,,,
,1,-,-,-,-,-,-,-,-,Swinub (T),,,
,-,-,1,-,-,-,-,-,-,Swinub (Z),,,
,4,6,8,7,4,5,-,6,7,Piloswine,,,
,4,-,-,-,-,-,-,-,-,Piloswine (T),,,
,-,-,8,-,-,-,-,-,-,Piloswine (Z),,,
,-,1,1,1,-,1,-,1,1,Corsola,,,
,-,-,-,-,-,-,-,-,-,Corsola (T),,,
,-,-,1,-,-,-,-,-,-,Corsola (Z),,,
,-,2,-,-,-,2,99,4,3,Galarian Corsola,,,
,-,-,-,-,-,-,-,-,-,Galarian Corsola (T),,,
,-,-,-,-,-,-,-,-,-,Galarian Corsola (Z),,,
,-,1,1,1,-,1,5,1,1,Remoraid,,,
,-,-,-,-,-,-,-,-,-,Remoraid (T),,,
,-,-,1,-,-,-,-,-,-,Remoraid (Z),,,
,-,1,1,1,-,1,-,1,1,Octillery,,,
,-,-,-,-,-,-,-,-,-,Octillery (T),,,
,-,-,1,-,-,-,-,-,-,Octillery (Z),,,
,1,1,1,1,1,1,-,1,1,Delibird,,,
,1,-,-,-,-,-,-,-,-,Delibird (T),,,
,-,-,1,-,-,-,-,-,-,Delibird (Z),,,
,-,2,2,3,-,2,-,5,3,Mantine,,,
,-,-,-,-,-,-,-,-,-,Mantine (T),,,
,-,-,2,-,-,-,-,-,-,Mantine (Z),,,
,9,9,12,15,3,10,-,14,12,Skarmory,,,
,9,-,-,-,-,-,-,-,-,Skarmory (T),,,
,-,-,12,-,-,-,-,-,-,Skarmory (Z),,,
,1,-,1,1,1,1,9,1,1,Houndour,,,
,1,-,-,-,-,-,-,-,-,Houndour (T),,,
,-,-,1,-,-,-,-,-,-,Houndour (Z),,,
,1,-,2,1,2,2,-,1,2,Houndoom,,,
,1,-,-,-,-,-,-,-,-,Houndoom (T),,,
,-,-,2,-,-,-,-,-,-,Houndoom (Z),,,
,-,-,4,3,-,4,-,3,4,Mega Houndoom,,,
,7,5,6,7,7,6,-,5,9,Kingdra,,,
,7,-,-,-,-,-,-,-,-,Kingdra (T),,,
,-,-,6,-,-,-,-,-,-,Kingdra (Z),,,
,1,-,1,1,1,1,10,1,1,Phanpy,,,
,1,-,-,-,-,-,-,-,-,Phanpy (T),,,
,-,-,1,-,-,-,-,-,-,Phanpy (Z),,,
,10,-,9,10,3,10,-,10,9,Donphan,,,
,10,-,-,-,-,-,-,-,-,Donphan (T),,,
,-,-,9,-,-,-,-,-,-,Donphan (Z),,,
,5,6,6,7,15,9,-,14,8,Porygon2,,,
,5,-,-,-,-,-,-,-,-,Porygon2 (T),,,
,-,-,6,-,-,-,-,-,-,Porygon2 (Z),,,
,1,-,1,1,3,1,99,1,1,Stantler,,,
,1,-,-,-,-,-,-,-,-,Stantler (T),,,
,-,-,1,-,-,-,-,-,-,Stantler (Z),,,
,3,-,2,2,13,3,-,6,2,Smeargle,,,
,3,-,-,-,-,-,-,-,-,Smeargle (T),,,
,-,-,2,-,-,-,-,-,-,Smeargle (Z),,,
,1,1,1,1,1,1,4,1,1,Tyrogue,,,
,1,-,-,-,-,-,-,-,-,Tyrogue (T),,,
,-,-,1,-,-,-,-,-,-,Tyrogue (Z),,,
,3,3,3,4,7,4,-,5,4,Hitmontop,,,
,3,-,-,-,-,-,-,-,-,Hitmontop (T),,,
,-,-,3,-,-,-,-,-,-,Hitmontop (Z),,,
,-,1,1,1,-,1,8,1,1,Smoochum,,,
,-,-,-,-,-,-,-,-,-,Smoochum (T),,,
,-,-,1,-,-,-,-,-,-,Smoochum (Z),,,
,-,1,1,1,1,1,10,1,1,Elekid,,,
,-,-,-,-,-,-,-,-,-,Elekid (T),,,
,-,-,1,-,-,-,-,-,-,Elekid (Z),,,
,-,1,1,1,1,1,11,1,1,Magby,,,
,-,-,-,-,-,-,-,-,-,Magby (T),,,
,-,-,1,-,-,-,-,-,-,Magby (Z),,,
,-,7,5,6,-,6,-,9,8,Miltank,,,
,-,-,-,-,-,-,-,-,-,Miltank (T),,,
,-,-,5,-,-,-,-,-,-,Miltank (Z),,,
,4,6,5,6,3,6,-,13,10,Blissey,,,
,4,-,-,-,-,-,-,-,-,Blissey (T),,,
,-,-,5,-,-,-,-,-,-,Blissey (Z),,,
,9,11,10,10,10,10,-,10,12,Raikou,,,
,9,-,-,-,-,-,-,-,-,Raikou (T),,,
,-,-,10,-,-,-,-,-,-,Raikou (Z),,,
,6,6,7,7,15,9,-,9,9,Entei,,,
,7,-,-,-,-,-,-,-,-,Entei (T),,,
,-,-,7,-,-,-,-,-,-,Entei (Z),,,
,6,9,9,11,11,8,-,10,9,Suicune,,,
,6,-,-,-,-,-,-,-,-,Suicune (T),,,
,-,-,9,-,-,-,-,-,-,Suicune (Z),,,
,1,1,1,1,1,1,6,1,1,Larvitar,,,
,1,-,-,-,-,-,-,-,-,Larvitar (T),,,
,-,-,1,-,-,-,-,-,-,Larvitar (Z),,,
,1,1,1,1,1,1,-,1,1,Pupitar,,,
,1,-,-,-,-,-,-,-,-,Pupitar (T),,,
,-,-,1,-,-,-,-,-,-,Pupitar (Z),,,
,10,10,13,14,12,12,-,14,12,Tyranitar,,,
,10,-,-,-,-,-,-,-,-,Tyranitar (T),,,
,-,-,13,-,-,-,-,-,-,Tyranitar (Z),,,
,-,-,8,10,-,12,-,9,11,Mega Tyranitar,,,
,99,99,99,99,99,99,-,23,99,Lugia,,,
,99,-,-,-,-,-,-,-,-,Lugia (T),,,
,-,-,99,-,-,-,-,-,-,Lugia (Z),,,
,99,99,99,99,99,99,-,29,99,Ho-Oh,,,
,99,-,-,-,-,-,-,-,-,Ho-Oh (T),,,
,-,-,99,-,-,-,-,-,-,Ho-Oh (Z),,,
,-,6,7,8,-,6,-,9,9,Celebi,,,
,-,-,-,-,-,-,-,-,-,Celebi (T),,,
,-,-,7,-,-,-,-,-,-,Celebi (Z),,,
,1,1,1,1,1,1,8,1,1,Treecko,,,
,1,-,-,-,-,-,-,-,-,Treecko (T),,,
,-,-,1,-,-,-,-,-,-,Treecko (Z),,,
,1,1,1,1,1,1,-,1,1,Grovyle,,,
,1,-,-,-,-,-,-,-,-,Grovyle (T),,,
,-,-,1,-,-,-,-,-,-,Grovyle (Z),,,
,3,3,4,3,4,3,-,3,3,Sceptile,,,
,3,-,-,-,-,-,-,-,-,Sceptile (T),,,
,-,-,4,-,-,-,-,-,-,Sceptile (Z),,,
,-,-,6,5,-,6,-,4,5,Mega Sceptile,,,
,1,1,1,1,1,1,7,1,1,Torchic,,,
,1,-,-,-,-,-,-,-,-,Torchic (T),,,
,-,-,1,-,-,-,-,-,-,Torchic (Z),,,
,1,1,1,1,1,1,-,1,1,Combusken,,,
,1,-,-,-,-,-,-,-,-,Combusken (T),,,
,-,-,1,-,-,-,-,-,-,Combusken (Z),,,
,11,13,5,5,6,12,-,15,16,Blaziken,,,
,17,-,-,-,-,-,-,-,-,Blaziken (T),,,
,-,-,5,-,-,-,-,-,-,Blaziken (Z),,,
,-,-,99,99,-,99,-,26,99,Mega Blaziken,,,
,1,1,1,1,1,1,5,1,1,Mudkip,,,
,1,-,-,-,-,-,-,-,-,Mudkip (T),,,
,-,-,1,-,-,-,-,-,-,Mudkip (Z),,,
,1,1,1,1,1,1,-,1,1,Marshtomp,,,
,1,-,-,-,-,-,-,-,-,Marshtomp (T),,,
,-,-,1,-,-,-,-,-,-,Marshtomp (Z),,,
,10,12,9,8,7,10,-,13,12,Swampert,,,
,10,-,-,-,-,-,-,-,-,Swampert (T),,,
,-,-,9,-,-,-,-,-,-,Swampert (Z),,,
,-,-,12,9,-,11,-,12,12,Mega Swampert,,,
,1,-,1,1,1,1,4,1,1,Poochyena,,,
,1,-,-,-,-,-,-,-,-,Poochyena (T),,,
,-,-,1,-,-,-,-,-,-,Poochyena (Z),,,
,1,-,1,1,1,1,-,1,1,Mightyena,,,
,1,-,-,-,-,-,-,-,-,Mightyena (T),,,
,-,-,1,-,-,-,-,-,-,Mightyena (Z),,,
,-,1,1,1,-,1,6,1,1,Zigzagoon,,,
,-,-,-,-,-,-,-,-,-,Zigzagoon (T),,,
,-,-,1,-,-,-,-,-,-,Zigzagoon (Z),,,
,-,1,-,-,-,1,6,1,1,Galarian Zigzagoon,,,
,-,-,-,-,-,-,-,-,-,Galarian Zigzagoon (T),,,
,-,-,-,-,-,-,-,-,-,Galarian Zigzagoon (Z),,,
,-,2,2,2,-,2,-,4,2,Linoone,,,
,-,-,-,-,-,-,-,-,-,Linoone (T),,,
,-,-,2,-,-,-,-,-,-,Linoone (Z),,,
,-,1,-,-,-,1,-,1,1,Galarian Linoone,,,
,-,-,-,-,-,-,-,-,-,Galarian Linoone (T),,,
,-,-,-,-,-,-,-,-,-,Galarian Linoone (Z),,,
,-,-,1,1,-,1,1,1,1,Wurmple,,,
,-,-,-,-,-,-,-,-,-,Wurmple (T),,,
,-,-,1,-,-,-,-,-,-,Wurmple (Z),,,
,-,-,1,1,-,1,-,1,1,Silcoon,,,
,-,-,-,-,-,-,-,-,-,Silcoon (T),,,
,-,-,1,-,-,-,-,-,-,Silcoon (Z),,,
,-,-,1,1,-,1,-,1,1,Beautifly,,,
,-,-,-,-,-,-,-,-,-,Beautifly (T),,,
,-,-,1,-,-,-,-,-,-,Beautifly (Z),,,
,-,-,1,1,-,1,-,1,1,Cascoon,,,
,-,-,-,-,-,-,-,-,-,Cascoon (T),,,
,-,-,1,-,-,-,-,-,-,Cascoon (Z),,,
,-,-,1,1,-,1,-,1,1,Dustox,,,
,-,-,-,-,-,-,-,-,-,Dustox (T),,,
,-,-,1,-,-,-,-,-,-,Dustox (Z),,,
,1,1,1,1,1,1,3,1,1,Lotad,,,
,1,-,-,-,-,-,-,-,-,Lotad (T),,,
,-,-,1,-,-,-,-,-,-,Lotad (Z),,,
,1,1,1,1,1,1,-,1,1,Lombre,,,
,1,-,-,-,-,-,-,-,-,Lombre (T),,,
,-,-,1,-,-,-,-,-,-,Lombre (Z),,,
,3,3,3,4,7,3,-,4,4,Ludicolo,,,
,3,-,-,-,-,-,-,-,-,Ludicolo (T),,,
,-,-,3,-,-,-,-,-,-,Ludicolo (Z),,,
,1,1,1,1,1,1,3,1,1,Seedot,,,
,1,-,-,-,-,-,-,-,-,Seedot (T),,,
,-,-,1,-,-,-,-,-,-,Seedot (Z),,,
,1,1,1,1,1,1,-,1,1,Nuzleaf,,,
,1,-,-,-,-,-,-,-,-,Nuzleaf (T),,,
,-,-,1,-,-,-,-,-,-,Nuzleaf (Z),,,
,2,1,2,3,6,2,-,2,2,Shiftry,,,
,2,-,-,-,-,-,-,-,-,Shiftry (T),,,
,-,-,2,-,-,-,-,-,-,Shiftry (Z),,,
,-,-,1,1,-,1,11,1,1,Taillow,,,
,-,-,-,-,-,-,-,-,-,Taillow (T),,,
,-,-,1,-,-,-,-,-,-,Taillow (Z),,,
,-,-,5,4,-,6,-,5,7,Swellow,,,
,-,-,-,-,-,-,-,-,-,Swellow (T),,,
,-,-,5,-,-,-,-,-,-,Swellow (Z),,,
,1,1,1,1,1,1,12,1,1,Wingull,,,
,1,-,-,-,-,-,-,-,-,Wingull (T),,,
,-,-,1,-,-,-,-,-,-,Wingull (Z),,,
,10,11,11,2,13,11,-,12,11,Pelipper,,,
,10,-,-,-,-,-,-,-,-,Pelipper (T),,,
,-,-,11,-,-,-,-,-,-,Pelipper (Z),,,
,1,1,1,1,1,1,3,1,1,Ralts,,,
,1,-,-,-,-,-,-,-,-,Ralts (T),,,
,-,-,1,-,-,-,-,-,-,Ralts (Z),,,
,1,1,1,1,1,1,-,1,1,Kirlia,,,
,1,-,-,-,-,-,-,-,-,Kirlia (T),,,
,-,-,1,-,-,-,-,-,-,Kirlia (Z),,,
,9,8,7,8,9,9,-,9,10,Gardevoir,,,
,10,-,-,-,-,-,-,-,-,Gardevoir (T),,,
,-,-,7,-,-,-,-,-,-,Gardevoir (Z),,,
,-,-,10,19,-,14,-,13,14,Mega Gardevoir,,,
,1,-,1,1,1,1,8,1,1,Surskit,,,
,1,-,-,-,-,-,-,-,-,Surskit (T),,,
,-,-,1,-,-,-,-,-,-,Surskit (Z),,,
,2,-,1,2,1,2,-,2,1,Masquerain,,,
,2,-,-,-,-,-,-,-,-,Masquerain (T),,,
,-,-,1,-,-,-,-,-,-,Masquerain (Z),,,
,1,-,1,1,1,1,6,1,1,Shroomish,,,
,1,-,-,-,-,-,-,-,-,Shroomish (T),,,
,-,-,1,-,-,-,-,-,-,Shroomish (Z),,,
,7,-,6,6,7,7,-,9,8,Breloom,,,
,7,-,-,-,-,-,-,-,-,Breloom (T),,,
,-,-,6,-,-,-,-,-,-,Breloom (Z),,,
,1,-,1,1,1,1,1,1,1,Slakoth,,,
,1,-,-,-,-,-,-,-,-,Slakoth (T),,,
,-,-,1,-,-,-,-,-,-,Slakoth (Z),,,
,1,-,1,2,1,1,-,2,1,Vigoroth,,,
,1,-,-,-,-,-,-,-,-,Vigoroth (T),,,
,-,-,1,-,-,-,-,-,-,Vigoroth (Z),,,
,1,-,1,1,3,1,-,1,1,Slaking,,,
,1,-,-,-,-,-,-,-,-,Slaking (T),,,
,-,-,1,-,-,-,-,-,-,Slaking (Z),,,
,-,1,1,1,-,1,2,1,1,Nincada,,,
,-,-,-,-,-,-,-,-,-,Nincada (T),,,
,-,-,1,-,-,-,-,-,-,Nincada (Z),,,
,-,1,1,1,-,1,-,1,1,Ninjask,,,
,-,-,-,-,-,-,-,-,-,Ninjask (T),,,
,-,-,1,-,-,-,-,-,-,Ninjask (Z),,,
,-,1,1,1,-,1,-,2,1,Shedinja,,,
,-,-,-,-,-,-,-,-,-,Shedinja (T),,,
,-,-,1,-,-,-,-,-,-,Shedinja (Z),,,
,-,1,1,1,-,1,4,1,1,Whismur,,,
,-,-,-,-,-,-,-,-,-,Whismur (T),,,
,-,-,1,-,-,-,-,-,-,Whismur (Z),,,
,-,1,1,1,-,1,-,1,1,Loudred,,,
,-,-,-,-,-,-,-,-,-,Loudred (T),,,
,-,-,1,-,-,-,-,-,-,Loudred (Z),,,
,-,3,3,3,-,3,-,5,4,Exploud,,,
,-,-,-,-,-,-,-,-,-,Exploud (T),,,
,-,-,3,-,-,-,-,-,-,Exploud (Z),,,
,1,-,1,1,1,1,6,1,1,Makuhita,,,
,1,-,-,-,-,-,-,-,-,Makuhita (T),,,
,-,-,1,-,-,-,-,-,-,Makuhita (Z),,,
,6,-,5,5,12,5,-,7,7,Hariyama,,,
,6,-,-,-,-,-,-,-,-,Hariyama (T),,,
,-,-,5,-,-,-,-,-,-,Hariyama (Z),,,
,1,1,1,1,1,1,4,1,1,Azurill,,,
,1,-,-,-,-,-,-,-,-,Azurill (T),,,
,-,-,1,-,-,-,-,-,-,Azurill (Z),,,
,1,-,1,1,1,1,8,1,1,Nosepass,,,
,1,-,-,-,-,-,-,-,-,Nosepass (T),,,
,-,-,1,-,-,-,-,-,-,Nosepass (Z),,,
,-,-,1,1,-,1,5,1,1,Skitty,,,
,-,-,-,-,-,-,-,-,-,Skitty (T),,,
,-,-,1,-,-,-,-,-,-,Skitty (Z),,,
,-,-,1,1,-,1,-,1,1,Delcatty,,,
,-,-,-,-,-,-,-,-,-,Delcatty (T),,,
,-,-,1,-,-,-,-,-,-,Delcatty (Z),,,
,5,5,3,6,11,5,-,5,5,Sableye,,,
,5,-,-,-,-,-,-,-,-,Sableye (T),,,
,-,-,3,-,-,-,-,-,-,Sableye (Z),,,
,-,-,9,11,-,10,-,10,9,Mega Sableye,,,
,-,1,1,3,-,1,-,1,2,Mawile,,,
,-,-,-,-,-,-,-,-,-,Mawile (T),,,
,-,-,1,-,-,-,-,-,-,Mawile (Z),,,
,-,-,18,99,-,18,-,15,19,Mega Mawile,,,
,-,1,1,1,-,1,6,1,1,Aron,,,
,-,-,-,-,-,-,-,-,-,Aron (T),,,
,-,-,1,-,-,-,-,-,-,Aron (Z),,,
,-,1,1,1,-,1,-,1,1,Lairon,,,
,-,-,-,-,-,-,-,-,-,Lairon (T),,,
,-,-,1,-,-,-,-,-,-,Lairon (Z),,,
,-,1,1,3,-,2,-,2,2,Aggron,,,
,-,-,-,-,-,-,-,-,-,Aggron (T),,,
,-,-,1,-,-,-,-,-,-,Aggron (Z),,,
,-,-,5,7,-,8,-,10,11,Mega Aggron,,,
,1,-,1,1,1,1,4,1,1,Meditite,,,
,1,-,-,-,-,-,-,-,-,Meditite (T),,,
,-,-,1,-,-,-,-,-,-,Meditite (Z),,,
,3,-,4,4,7,4,-,6,5,Medicham,,,
,3,-,-,-,-,-,-,-,-,Medicham (T),,,
,-,-,4,-,-,-,-,-,-,Medicham (Z),,,
,-,-,14,14,-,17,-,14,16,Mega Medicham,,,
,-,1,1,1,-,1,6,1,1,Electrike,,,
,-,-,-,-,-,-,-,-,-,Electrike (T),,,
,-,-,1,-,-,-,-,-,-,Electrike (Z),,,
,-,1,2,3,-,2,-,2,2,Manectric,,,
,-,-,-,-,-,-,-,-,-,Manectric (T),,,
,-,-,2,-,-,-,-,-,-,Manectric (Z),,,
,-,-,9,12,-,3,-,3,4,Mega Manectric,,,
,1,-,1,1,1,1,-,1,1,Plusle,,,
,1,-,-,-,-,-,-,-,-,Plusle (T),,,
,-,-,1,-,-,-,-,-,-,Plusle (Z),,,
,1,-,1,1,1,1,-,1,1,Minun,,,
,1,-,-,-,-,-,-,-,-,Minun (T),,,
,-,-,1,-,-,-,-,-,-,Minun (Z),,,
,2,-,2,2,15,1,-,1,1,Volbeat,,,
,2,-,-,-,-,-,-,-,-,Volbeat (T),,,
,-,-,2,-,-,-,-,-,-,Volbeat (Z),,,
,2,-,2,2,15,2,-,2,1,Illumise,,,
,2,-,-,-,-,-,-,-,-,Illumise (T),,,
,-,-,2,-,-,-,-,-,-,Illumise (Z),,,
,-,4,4,5,-,3,-,4,5,Roselia,,,
,-,-,-,-,-,-,-,-,-,Roselia (T),,,
,-,-,4,-,-,-,-,-,-,Roselia (Z),,,
,1,-,1,1,1,1,6,1,1,Gulpin,,,
,1,-,-,-,-,-,-,-,-,Gulpin (T),,,
,-,-,1,-,-,-,-,-,-,Gulpin (Z),,,
,2,-,1,1,1,1,-,1,1,Swalot,,,
,2,-,-,-,-,-,-,-,-,Swalot (T),,,
,-,-,1,-,-,-,-,-,-,Swalot (Z),,,
,-,1,1,1,-,1,13,1,1,Carvanha,,,
,-,-,-,-,-,-,-,-,-,Carvanha (T),,,
,-,-,1,-,-,-,-,-,-,Carvanha (Z),,,
,-,3,4,5,-,5,-,5,5,Sharpedo,,,
,-,-,-,-,-,-,-,-,-,Sharpedo (T),,,
,-,-,4,-,-,-,-,-,-,Sharpedo (Z),,,
,-,-,11,8,-,10,-,8,11,Mega Sharpedo,,,
,-,1,1,1,-,1,6,1,1,Wailmer,,,
,-,-,-,-,-,-,-,-,-,Wailmer (T),,,
,-,-,1,-,-,-,-,-,-,Wailmer (Z),,,
,-,1,1,1,-,1,-,1,1,Wailord,,,
,-,-,-,-,-,-,-,-,-,Wailord (T),,,
,-,-,1,-,-,-,-,-,-,Wailord (Z),,,
,1,-,1,1,1,1,7,1,1,Numel,,,
,1,-,-,-,-,-,-,-,-,Numel (T),,,
,-,-,1,-,-,-,-,-,-,Numel (Z),,,
,1,-,1,2,2,1,-,1,2,Camerupt,,,
,1,-,-,-,-,-,-,-,-,Camerupt (T),,,
,-,-,1,-,-,-,-,-,-,Camerupt (Z),,,
,-,-,2,2,-,2,-,2,3,Mega Camerupt,,,
,8,5,5,2,13,11,-,6,6,Torkoal,,,
,8,-,-,-,-,-,-,-,-,Torkoal (T),,,
,-,-,5,-,-,-,-,-,-,Torkoal (Z),,,
,1,-,1,1,1,1,6,1,1,Spoink,,,
,1,-,-,-,-,-,-,-,-,Spoink (T),,,
,-,-,1,-,-,-,-,-,-,Spoink (Z),,,
,1,-,1,2,2,1,-,1,1,Grumpig,,,
,1,-,-,-,-,-,-,-,-,Grumpig (T),,,
,-,-,1,-,-,-,-,-,-,Grumpig (Z),,,
,-,-,1,1,-,1,-,1,1,Spinda,,,
,-,-,-,-,-,-,-,-,-,Spinda (T),,,
,-,-,1,-,-,-,-,-,-,Spinda (Z),,,
,1,1,1,1,1,1,10,1,1,Trapinch,,,
,1,-,-,-,-,-,-,-,-,Trapinch (T),,,
,-,-,1,-,-,-,-,-,-,Trapinch (Z),,,
,1,1,1,1,1,1,-,1,1,Vibrava,,,
,1,-,-,-,-,-,-,-,-,Vibrava (T),,,
,-,-,1,-,-,-,-,-,-,Vibrava (Z),,,
,4,4,4,5,4,5,-,7,6,Flygon,,,
,4,-,-,-,-,-,-,-,-,Flygon (T),,,
,-,-,4,-,-,-,-,-,-,Flygon (Z),,,
,1,-,1,1,1,1,6,1,1,Cacnea,,,
,1,-,-,-,-,-,-,-,-,Cacnea (T),,,
,-,-,1,-,-,-,-,-,-,Cacnea (Z),,,
,1,-,1,1,1,1,-,2,1,Cacturne,,,
,1,-,-,-,-,-,-,-,-,Cacturne (T),,,
,-,-,1,-,-,-,-,-,-,Cacturne (Z),,,
,1,1,1,1,1,1,5,1,1,Swablu,,,
,1,-,-,-,-,-,-,-,-,Swablu (T),,,
,-,-,1,-,-,-,-,-,-,Swablu (Z),,,
,2,1,1,1,2,2,-,2,1,Altaria,,,
,2,-,-,-,-,-,-,-,-,Altaria (T),,,
,-,-,1,-,-,-,-,-,-,Altaria (Z),,,
,-,-,7,15,-,11,-,9,10,Mega Altaria,,,
,2,-,3,3,1,2,-,3,4,Zangoose,,,
,2,-,-,-,-,-,-,-,-,Zangoose (T),,,
,-,-,3,-,-,-,-,-,-,Zangoose (Z),,,
,1,-,1,1,1,1,-,1,1,Seviper,,,
,1,-,-,-,-,-,-,-,-,Seviper (T),,,
,-,-,1,-,-,-,-,-,-,Seviper (Z),,,
,-,1,1,1,-,1,-,1,1,Lunatone,,,
,-,-,-,-,-,-,-,-,-,Lunatone (T),,,
,-,-,1,-,-,-,-,-,-,Lunatone (Z),,,
,-,1,1,2,-,1,-,2,1,Solrock,,,
,-,-,-,-,-,-,-,-,-,Solrock (T),,,
,-,-,1,-,-,-,-,-,-,Solrock (Z),,,
,1,1,1,1,1,1,5,1,1,Barboach,,,
,1,-,-,-,-,-,-,-,-,Barboach (T),,,
,-,-,1,-,-,-,-,-,-,Barboach (Z),,,
,1,1,1,1,1,1,-,1,1,Whiscash,,,
,1,-,-,-,-,-,-,-,-,Whiscash (T),,,
,-,-,1,-,-,-,-,-,-,Whiscash (Z),,,
,1,1,1,1,1,1,11,1,1,Corphish,,,
,1,-,-,-,-,-,-,-,-,Corphish (T),,,
,-,-,1,-,-,-,-,-,-,Corphish (Z),,,
,3,7,6,6,3,4,-,8,8,Crawdaunt,,,
,3,-,-,-,-,-,-,-,-,Crawdaunt (T),,,
,-,-,6,-,-,-,-,-,-,Crawdaunt (Z),,,
,-,1,1,1,-,1,8,1,1,Baltoy,,,
,-,-,-,-,-,-,-,-,-,Baltoy (T),,,
,-,-,1,-,-,-,-,-,-,Baltoy (Z),,,
,-,2,3,3,-,3,-,3,3,Claydol,,,
,-,-,-,-,-,-,-,-,-,Claydol (T),,,
,-,-,3,-,-,-,-,-,-,Claydol (Z),,,
,-,1,1,1,-,1,7,1,1,Lileep,,,
,-,-,-,-,-,-,-,-,-,Lileep (T),,,
,-,-,1,-,-,-,-,-,-,Lileep (Z),,,
,-,1,1,1,-,1,-,2,1,Cradily,,,
,-,-,-,-,-,-,-,-,-,Cradily (T),,,
,-,-,1,-,-,-,-,-,-,Cradily (Z),,,
,-,1,1,1,-,1,9,1,1,Anorith,,,
,-,-,-,-,-,-,-,-,-,Anorith (T),,,
,-,-,1,-,-,-,-,-,-,Anorith (Z),,,
,-,1,1,1,-,2,-,2,1,Armaldo,,,
,-,-,-,-,-,-,-,-,-,Armaldo (T),,,
,-,-,1,-,-,-,-,-,-,Armaldo (Z),,,
,1,1,1,1,1,1,1,1,1,Feebas,,,
,1,-,-,-,-,-,-,-,-,Feebas (T),,,
,-,-,1,-,-,-,-,-,-,Feebas (Z),,,
,7,9,8,8,10,8,-,12,11,Milotic,,,
,7,-,-,-,-,-,-,-,-,Milotic (T),,,
,-,-,8,-,-,-,-,-,-,Milotic (Z),,,
,-,-,1,1,-,1,-,1,1,Castform,,,
,-,-,-,-,-,-,-,-,-,Castform (T),,,
,-,-,1,-,-,-,-,-,-,Castform (Z),,,
,-,-,-,-,-,-,-,-,-,-,,,
,-,-,-,-,-,-,-,-,-,- (T),,,
,-,-,-,-,-,-,-,-,-,- (Z),,,
,-,-,-,-,-,-,-,-,-,-,,,
,-,-,-,-,-,-,-,-,-,- (T),,,
,-,-,-,-,-,-,-,-,-,- (Z),,,
,-,-,-,-,-,-,-,-,-,-,,,
,-,-,-,-,-,-,-,-,-,- (T),,,
,-,-,-,-,-,-,-,-,-,- (Z),,,
,-,-,2,3,-,2,-,4,3,Kecleon,,,
,-,-,-,-,-,-,-,-,-,Kecleon (T),,,
,-,-,2,-,-,-,-,-,-,Kecleon (Z),,,
,1,-,1,1,1,1,3,1,1,Shuppet,,,
,1,-,-,-,-,-,-,-,-,Shuppet (T),,,
,-,-,1,-,-,-,-,-,-,Shuppet (Z),,,
,1,-,1,1,1,1,-,1,1,Banette,,,
,1,-,-,-,-,-,-,-,-,Banette (T),,,
,-,-,1,-,-,-,-,-,-,Banette (Z),,,
,-,-,1,1,-,3,-,1,1,Mega Banette,,,
,1,1,1,1,1,1,5,1,1,Duskull,,,
,1,-,-,-,-,-,-,-,-,Duskull (T),,,
,-,-,1,-,-,-,-,-,-,Duskull (Z),,,
,1,2,2,4,9,2,-,4,4,Dusclops,,,
,1,-,-,-,-,-,-,-,-,Dusclops (T),,,
,-,-,2,-,-,-,-,-,-,Dusclops (Z),,,
,1,-,1,1,1,1,-,1,1,Tropius,,,
,1,-,-,-,-,-,-,-,-,Tropius (T),,,
,-,-,1,-,-,-,-,-,-,Tropius (Z),,,
,1,-,1,1,1,1,-,1,1,Chimecho,,,
,1,-,-,-,-,-,-,-,-,Chimecho (T),,,
,-,-,1,-,-,-,-,-,-,Chimecho (Z),,,
,-,1,1,1,-,1,-,1,1,Absol,,,
,-,-,-,-,-,-,-,-,-,Absol (T),,,
,-,-,1,-,-,-,-,-,-,Absol (Z),,,
,-,-,2,2,-,2,-,1,2,Mega Absol,,,
,-,1,1,1,-,1,4,1,1,Wynaut,,,
,-,-,-,-,-,-,-,-,-,Wynaut (T),,,
,-,-,1,-,-,-,-,-,-,Wynaut (Z),,,
,1,1,1,1,1,1,4,1,1,Snorunt,,,
,1,-,-,-,-,-,-,-,-,Snorunt (T),,,
,-,-,1,-,-,-,-,-,-,Snorunt (Z),,,
,1,1,1,1,1,1,-,1,1,Glalie,,,
,1,-,-,-,-,-,-,-,-,Glalie (T),,,
,-,-,1,-,-,-,-,-,-,Glalie (Z),,,
,-,-,3,5,-,3,-,3,4,Mega Glalie,,,
,-,1,1,1,-,1,4,1,1,Spheal,,,
,-,-,-,-,-,-,-,-,-,Spheal (T),,,
,-,-,1,-,-,-,-,-,-,Spheal (Z),,,
,-,1,1,1,-,1,-,1,1,Sealeo,,,
,-,-,-,-,-,-,-,-,-,Sealeo (T),,,
,-,-,1,-,-,-,-,-,-,Sealeo (Z),,,
,-,1,1,2,-,1,-,1,3,Walrein,,,
,-,-,-,-,-,-,-,-,-,Walrein (T),,,
,-,-,1,-,-,-,-,-,-,Walrein (Z),,,
,-,-,1,1,-,1,8,1,1,Clamperl,,,
,-,-,-,-,-,-,-,-,-,Clamperl (T),,,
,-,-,1,-,-,-,-,-,-,Clamperl (Z),,,
,-,-,1,1,-,2,-,1,2,Huntail,,,
,-,-,-,-,-,-,-,-,-,Huntail (T),,,
,-,-,1,-,-,-,-,-,-,Huntail (Z),,,
,-,-,2,1,-,2,-,2,2,Gorebyss,,,
,-,-,-,-,-,-,-,-,-,Gorebyss (T),,,
,-,-,2,-,-,-,-,-,-,Gorebyss (Z),,,
,-,1,1,2,-,1,-,2,1,Relicanth,,,
,-,-,-,-,-,-,-,-,-,Relicanth (T),,,
,-,-,1,-,-,-,-,-,-,Relicanth (Z),,,
,1,-,1,1,1,1,-,1,1,Luvdisc,,,
,1,-,-,-,-,-,-,-,-,Luvdisc (T),,,
,-,-,1,-,-,-,-,-,-,Luvdisc (Z),,,
,1,1,1,1,1,1,7,1,1,Bagon,,,
,1,-,-,-,-,-,-,-,-,Bagon (T),,,
,-,-,1,-,-,-,-,-,-,Bagon (Z),,,
,1,1,1,1,1,1,-,1,1,Shelgon,,,
,1,-,-,-,-,-,-,-,-,Shelgon (T),,,
,-,-,1,-,-,-,-,-,-,Shelgon (Z),,,
,9,8,9,10,10,10,-,12,12,Salamence,,,
,15,-,-,-,-,-,-,-,-,Salamence (T),,,
,-,-,9,-,-,-,-,-,-,Salamence (Z),,,
,-,-,99,99,-,99,-,25,99,Mega Salamence,,,
,1,1,1,1,1,1,3,1,1,Beldum,,,
,1,-,-,-,-,-,-,-,-,Beldum (T),,,
,-,-,1,-,-,-,-,-,-,Beldum (Z),,,
,1,1,1,1,1,1,-,1,1,Metang,,,
,1,-,-,-,-,-,-,-,-,Metang (T),,,
,-,-,1,-,-,-,-,-,-,Metang (Z),,,
,12,12,11,13,13,12,-,11,12,Metagross,,,
,12,-,-,-,-,-,-,-,-,Metagross (T),,,
,-,-,11,-,-,-,-,-,-,Metagross (Z),,,
,-,-,99,99,-,99,-,24,99,Mega Metagross,,,
,4,4,2,4,7,2,-,4,4,Regirock,,,
,4,-,-,-,-,-,-,-,-,Regirock (T),,,
,-,-,2,-,-,-,-,-,-,Regirock (Z),,,
,2,1,1,2,3,2,-,2,2,Regice,,,
,2,-,-,-,-,-,-,-,-,Regice (T),,,
,-,-,1,-,-,-,-,-,-,Regice (Z),,,
,4,6,8,10,9,7,-,11,10,Registeel,,,
,4,-,-,-,-,-,-,-,-,Registeel (T),,,
,-,-,8,-,-,-,-,-,-,Registeel (Z),,,
,14,12,12,14,11,13,-,13,13,Latias,,,
,-,-,-,-,-,-,-,-,-,Latias (T),,,
,-,-,12,-,-,-,-,-,-,Latias (Z),,,
,-,-,99,99,-,99,-,9,99,Mega Latias,,,
,14,16,17,17,11,15,-,14,16,Latios,,,
,-,-,-,-,-,-,-,-,-,Latios (T),,,
,-,-,17,-,-,-,-,-,-,Latios (Z),,,
,-,-,99,99,-,17,-,2,99,Mega Latios,,,
,99,99,99,99,99,99,-,99,99,Kyogre,,,
,99,-,-,-,-,-,-,-,-,Kyogre (T),,,
,-,-,99,-,-,-,-,-,-,Kyogre (Z),,,
,-,-,99,99,-,99,-,28,99,Primal Kyogre,,,
,99,99,99,99,99,99,-,28,99,Groudon,,,
,99,-,-,-,-,-,-,-,-,Groudon (T),,,
,-,-,99,-,-,-,-,-,-,Groudon (Z),,,
,-,-,99,99,-,99,-,99,99,Primal Groudon,,,
,99,99,99,99,99,99,-,26,99,Rayquaza,,,
,99,-,-,-,-,-,-,-,-,Rayquaza (T),,,
,-,-,99,-,-,-,-,-,-,Rayquaza (Z),,,
,-,-,99,99,-,99,-,99,99,Mega Rayquaza,,,
,13,13,12,14,99,13,-,15,13,Jirachi,,,
,13,-,-,-,-,-,-,-,-,Jirachi (T),,,
,-,-,12,-,-,-,-,-,-,Jirachi (Z),,,
,99,-,99,99,99,99,-,23,99,Deoxys,,,
,99,-,-,-,-,-,-,-,-,Deoxys (T),,,
,-,-,99,-,-,-,-,-,-,Deoxys (Z),,,
,99,-,99,99,-,99,-,25,99,Deoxys-Attack,,,
,99,-,-,-,-,-,-,-,-,Deoxys-Attack (T),,,
,-,-,99,-,-,-,-,-,-,Deoxys-Attack (Z),,,
,10,-,10,12,-,10,-,14,12,Deoxys-Defense,,,
,10,-,-,-,-,-,-,-,-,Deoxys-Defense (T),,,
,-,-,10,-,-,-,-,-,-,Deoxys-Defense (Z),,,
,17,-,99,99,-,18,-,18,19,Deoxys-Speed,,,
,-,-,-,-,-,-,-,-,-,Deoxys-Speed (T),,,
,-,-,99,-,-,-,-,-,-,Deoxys-Speed (Z),,,
,1,-,1,1,1,1,9,1,1,Turtwig,,,
,1,-,-,-,-,-,-,-,-,Turtwig (T),,,
,-,-,1,-,-,-,-,-,-,Turtwig (Z),,,
,1,-,1,2,1,1,-,2,2,Grotle,,,
,1,-,-,-,-,-,-,-,-,Grotle (T),,,
,-,-,1,-,-,-,-,-,-,Grotle (Z),,,
,4,-,2,3,6,4,-,4,3,Torterra,,,
,5,-,-,-,-,-,-,-,-,Torterra (T),,,
,-,-,2,-,-,-,-,-,-,Torterra (Z),,,
,1,-,1,1,1,1,7,1,1,Chimchar,,,
,1,-,-,-,-,-,-,-,-,Chimchar (T),,,
,-,-,1,-,-,-,-,-,-,Chimchar (Z),,,
,1,-,1,1,1,1,-,1,1,Monferno,,,
,1,-,-,-,-,-,-,-,-,Monferno (T),,,
,-,-,1,-,-,-,-,-,-,Monferno (Z),,,
,8,-,16,15,6,9,-,14,15,Infernape,,,
,9,-,-,-,-,-,-,-,-,Infernape (T),,,
,-,-,16,-,-,-,-,-,-,Infernape (Z),,,
,1,-,1,1,1,1,8,1,1,Piplup,,,
,1,-,-,-,-,-,-,-,-,Piplup (T),,,
,-,-,1,-,-,-,-,-,-,Piplup (Z),,,
,1,-,1,1,1,1,-,1,1,Prinplup,,,
,1,-,-,-,-,-,-,-,-,Prinplup (T),,,
,-,-,1,-,-,-,-,-,-,Prinplup (Z),,,
,9,-,10,10,7,10,-,11,9,Empoleon,,,
,9,-,-,-,-,-,-,-,-,Empoleon (T),,,
,-,-,10,-,-,-,-,-,-,Empoleon (Z),,,
,1,-,1,1,1,1,7,1,1,Starly,,,
,1,-,-,-,-,-,-,-,-,Starly (T),,,
,-,-,1,-,-,-,-,-,-,Starly (Z),,,
,1,-,1,1,1,1,-,1,1,Staravia,,,
,1,-,-,-,-,-,-,-,-,Staravia (T),,,
,-,-,1,-,-,-,-,-,-,Staravia (Z),,,
,5,-,5,6,6,4,-,7,9,Staraptor,,,
,5,-,-,-,-,-,-,-,-,Staraptor (T),,,
,-,-,5,-,-,-,-,-,-,Staraptor (Z),,,
,-,-,1,1,-,1,5,1,1,Bidoof,,,
,-,-,-,-,-,-,-,-,-,Bidoof (T),,,
,-,-,1,-,-,-,-,-,-,Bidoof (Z),,,
,-,-,1,1,-,1,-,1,1,Bibarel,,,
,-,-,-,-,-,-,-,-,-,Bibarel (T),,,
,-,-,1,-,-,-,-,-,-,Bibarel (Z),,,
,1,-,1,1,1,1,1,1,1,Kricketot,,,
,1,-,-,-,-,-,-,-,-,Kricketot (T),,,
,-,-,1,-,-,-,-,-,-,Kricketot (Z),,,
,1,-,1,2,1,1,-,1,1,Kricketune,,,
,1,-,-,-,-,-,-,-,-,Kricketune (T),,,
,-,-,1,-,-,-,-,-,-,Kricketune (Z),,,
,1,1,1,1,1,1,6,1,1,Shinx,,,
,1,-,-,-,-,-,-,-,-,Shinx (T),,,
,-,-,1,-,-,-,-,-,-,Shinx (Z),,,
,1,1,1,1,1,1,-,1,1,Luxio,,,
,1,-,-,-,-,-,-,-,-,Luxio (T),,,
,-,-,1,-,-,-,-,-,-,Luxio (Z),,,
,1,1,1,3,2,1,-,1,3,Luxray,,,
,1,-,-,-,-,-,-,-,-,Luxray (T),,,
,-,-,1,-,-,-,-,-,-,Luxray (Z),,,
,-,1,1,1,-,1,6,1,1,Budew,,,
,-,-,-,-,-,-,-,-,-,Budew (T),,,
,-,-,1,-,-,-,-,-,-,Budew (Z),,,
,-,6,11,13,-,10,-,10,9,Roserade,,,
,-,-,-,-,-,-,-,-,-,Roserade (T),,,
,-,-,11,-,-,-,-,-,-,Roserade (Z),,,
,1,-,1,1,1,1,7,1,1,Cranidos,,,
,1,-,-,-,-,-,-,-,-,Cranidos (T),,,
,-,-,1,-,-,-,-,-,-,Cranidos (Z),,,
,1,-,1,2,2,1,-,2,2,Rampardos,,,
,1,-,-,-,-,-,-,-,-,Rampardos (T),,,
,-,-,1,-,-,-,-,-,-,Rampardos (Z),,,
,1,-,1,1,1,1,5,1,1,Shieldon,,,
,1,-,-,-,-,-,-,-,-,Shieldon (T),,,
,-,-,1,-,-,-,-,-,-,Shieldon (Z),,,
,1,-,1,1,2,1,-,1,1,Bastiodon,,,
,2,-,-,-,-,-,-,-,-,Bastiodon (T),,,
,-,-,1,-,-,-,-,-,-,Bastiodon (Z),,,
,-,-,1,1,-,1,1,1,1,Burmy,,,
,-,-,-,-,-,-,-,-,-,Burmy (T),,,
,-,-,1,-,-,-,-,-,-,Burmy (Z),,,
,-,-,1,1,-,1,-,1,1,Wormadam,,,
,-,-,-,-,-,-,-,-,-,Wormadam (T),,,
,-,-,1,-,-,-,-,-,-,Wormadam (Z),,,
,-,-,-,-,-,-,-,-,-,-,,,
,-,-,-,-,-,-,-,-,-,- (T),,,
,-,-,-,-,-,-,-,-,-,- (Z),,,
,-,-,-,-,-,-,-,-,-,-,,,
,-,-,-,-,-,-,-,-,-,- (T),,,
,-,-,-,-,-,-,-,-,-,- (Z),,,
,-,-,1,1,-,1,-,1,1,Mothim,,,
,-,-,-,-,-,-,-,-,-,Mothim (T),,,
,-,-,1,-,-,-,-,-,-,Mothim (Z),,,
,1,1,1,1,1,1,2,1,1,Combee,,,
,1,-,-,-,-,-,-,-,-,Combee (T),,,
,-,-,1,-,-,-,-,-,-,Combee (Z),,,
,1,1,1,1,1,1,-,1,1,Vespiquen,,,
,1,-,-,-,-,-,-,-,-,Vespiquen (T),,,
,-,-,1,-,-,-,-,-,-,Vespiquen (Z),,,
,1,-,1,1,8,1,-,1,1,Pachirisu,,,
,1,-,-,-,-,-,-,-,-,Pachirisu (T),,,
,-,-,1,-,-,-,-,-,-,Pachirisu (Z),,,
,1,-,1,1,1,1,8,1,1,Buizel,,,
,1,-,-,-,-,-,-,-,-,Buizel (T),,,
,-,-,1,-,-,-,-,-,-,Buizel (Z),,,
,3,-,2,1,4,4,-,7,2,Floatzel,,,
,4,-,-,-,-,-,-,-,-,Floatzel (T),,,
,-,-,2,-,-,-,-,-,-,Floatzel (Z),,,
,-,1,1,1,-,1,6,1,1,Cherubi,,,
,-,-,-,-,-,-,-,-,-,Cherubi (T),,,
,-,-,1,-,-,-,-,-,-,Cherubi (Z),,,
,-,1,1,1,-,1,-,1,1,Cherrim,,,
,-,-,-,-,-,-,-,-,-,Cherrim (T),,,
,-,-,1,-,-,-,-,-,-,Cherrim (Z),,,
,-,-,-,-,-,-,-,-,-,-,,,
,-,-,-,-,-,-,-,-,-,- (T),,,
,-,-,-,-,-,-,-,-,-,- (Z),,,
,1,1,1,1,1,1,9,1,1,Shellos,,,
,1,-,-,-,-,-,-,-,-,Shellos (T),,,
,-,-,1,-,-,-,-,-,-,Shellos (Z),,,
,5,3,5,6,7,6,-,11,7,Gastrodon,,,
,5,-,-,-,-,-,-,-,-,Gastrodon (T),,,
,-,-,5,-,-,-,-,-,-,Gastrodon (Z),,,
,3,-,4,3,3,3,-,4,4,Ambipom,,,
,3,-,-,-,-,-,-,-,-,Ambipom (T),,,
,-,-,4,-,-,-,-,-,-,Ambipom (Z),,,
,1,1,1,1,1,1,11,1,1,Drifloon,,,
,1,-,-,-,-,-,-,-,-,Drifloon (T),,,
,-,-,1,-,-,-,-,-,-,Drifloon (Z),,,
,4,3,1,2,8,4,-,3,2,Drifblim,,,
,5,-,-,-,-,-,-,-,-,Drifblim (T),,,
,-,-,1,-,-,-,-,-,-,Drifblim (Z),,,
,-,1,1,1,-,1,11,1,1,Buneary,,,
,-,-,-,-,-,-,-,-,-,Buneary (T),,,
,-,-,1,-,-,-,-,-,-,Buneary (Z),,,
,-,1,1,1,-,1,-,1,1,Lopunny,,,
,-,-,-,-,-,-,-,-,-,Lopunny (T),,,
,-,-,1,-,-,-,-,-,-,Lopunny (Z),,,
,-,-,15,17,-,15,-,17,18,Mega Lopunny,,,
,7,-,6,6,5,6,-,6,6,Mismagius,,,
,7,-,-,-,-,-,-,-,-,Mismagius (T),,,
,-,-,6,-,-,-,-,-,-,Mismagius (Z),,,
,1,-,3,3,2,1,-,2,3,Honchkrow,,,
,1,-,-,-,-,-,-,-,-,Honchkrow (T),,,
,-,-,3,-,-,-,-,-,-,Honchkrow (Z),,,
,-,-,1,1,-,1,9,1,1,Glameow,,,
,-,-,-,-,-,-,-,-,-,Glameow (T),,,
,-,-,1,-,-,-,-,-,-,Glameow (Z),,,
,-,-,1,2,-,1,-,1,1,Purugly,,,
,-,-,-,-,-,-,-,-,-,Purugly (T),,,
,-,-,1,-,-,-,-,-,-,Purugly (Z),,,
,1,-,1,1,1,1,6,1,1,Chingling,,,
,1,-,-,-,-,-,-,-,-,Chingling (T),,,
,-,-,1,-,-,-,-,-,-,Chingling (Z),,,
,1,1,1,1,1,1,12,1,1,Stunky,,,
,1,-,-,-,-,-,-,-,-,Stunky (T),,,
,-,-,1,-,-,-,-,-,-,Stunky (Z),,,
,3,5,5,5,3,4,-,4,5,Skuntank,,,
,3,-,-,-,-,-,-,-,-,Skuntank (T),,,
,-,-,5,-,-,-,-,-,-,Skuntank (Z),,,
,1,1,1,1,1,1,7,1,1,Bronzor,,,
,1,-,-,-,-,-,-,-,-,Bronzor (T),,,
,-,-,1,-,-,-,-,-,-,Bronzor (Z),,,
,7,6,9,8,10,9,-,12,9,Bronzong,,,
,7,-,-,-,-,-,-,-,-,Bronzong (T),,,
,-,-,9,-,-,-,-,-,-,Bronzong (Z),,,
,1,1,1,1,-,1,6,1,1,Bonsly,,,
,1,-,-,-,-,-,-,-,-,Bonsly (T),,,
,-,-,1,-,-,-,-,-,-,Bonsly (Z),,,
,-,1,1,1,-,1,8,1,1,Mime Jr.,,,
,-,-,-,-,-,-,-,-,-,Mime Jr. (T),,,
,-,-,1,-,-,-,-,-,-,Mime Jr. (Z),,,
,1,1,1,1,1,1,2,1,1,Happiny,,,
,1,-,-,-,-,-,-,-,-,Happiny (T),,,
,-,-,1,-,-,-,-,-,-,Happiny (Z),,,
,-,-,1,1,-,1,-,1,1,Chatot,,,
,-,-,-,-,-,-,-,-,-,Chatot (T),,,
,-,-,1,-,-,-,-,-,-,Chatot (Z),,,
,3,2,5,5,6,3,-,5,5,Spiritomb,,,
,3,-,-,-,-,-,-,-,-,Spiritomb (T),,,
,-,-,5,-,-,-,-,-,-,Spiritomb (Z),,,
,1,1,1,1,1,1,8,1,1,Gible,,,
,1,-,-,-,-,-,-,-,-,Gible (T),,,
,-,-,1,-,-,-,-,-,-,Gible (Z),,,
,1,1,1,1,1,1,-,1,1,Gabite,,,
,1,-,-,-,-,-,-,-,-,Gabite (T),,,
,-,-,1,-,-,-,-,-,-,Gabite (Z),,,
,17,20,17,19,14,18,-,19,20,Garchomp,,,
,-,-,-,-,-,-,-,-,-,Garchomp (T),,,
,-,-,17,-,-,-,-,-,-,Garchomp (Z),,,
,-,-,13,13,-,15,-,16,17,Mega Garchomp,,,
,1,2,1,1,1,1,11,3,2,Munchlax,,,
,1,-,-,-,-,-,-,-,-,Munchlax (T),,,
,-,-,1,-,-,-,-,-,-,Munchlax (Z),,,
,1,1,1,1,2,1,9,1,1,Riolu,,,
,1,-,-,-,-,-,-,-,-,Riolu (T),,,
,-,-,1,-,-,-,-,-,-,Riolu (Z),,,
,5,4,5,6,5,6,-,7,9,Lucario,,,
,6,-,-,-,-,-,-,-,-,Lucario (T),,,
,-,-,5,-,-,-,-,-,-,Lucario (Z),,,
,-,-,99,99,-,99,-,24,99,Mega Lucario,,,
,1,1,1,1,1,1,9,1,1,Hippopotas,,,
,1,-,-,-,-,-,-,-,-,Hippopotas (T),,,
,-,-,1,-,-,-,-,-,-,Hippopotas (Z),,,
,6,6,7,8,5,7,-,12,10,Hippowdon,,,
,6,-,-,-,-,-,-,-,-,Hippowdon (T),,,
,-,-,7,-,-,-,-,-,-,Hippowdon (Z),,,
,-,1,1,1,-,1,7,1,1,Skorupi,,,
,-,-,-,-,-,-,-,-,-,Skorupi (T),,,
,-,-,1,-,-,-,-,-,-,Skorupi (Z),,,
,-,8,7,7,-,8,-,9,8,Drapion,,,
,-,-,-,-,-,-,-,-,-,Drapion (T),,,
,-,-,7,-,-,-,-,-,-,Drapion (Z),,,
,1,1,1,1,1,1,9,1,1,Croagunk,,,
,1,-,-,-,-,-,-,-,-,Croagunk (T),,,
,-,-,1,-,-,-,-,-,-,Croagunk (Z),,,
,2,3,4,5,4,2,-,4,6,Toxicroak,,,
,2,-,-,-,-,-,-,-,-,Toxicroak (T),,,
,-,-,4,-,-,-,-,-,-,Toxicroak (Z),,,
,-,-,1,1,-,1,-,1,1,Carnivine,,,
,-,-,-,-,-,-,-,-,-,Carnivine (T),,,
,-,-,1,-,-,-,-,-,-,Carnivine (Z),,,
,1,-,1,1,-,1,6,1,1,Finneon,,,
,1,-,-,-,-,-,-,-,-,Finneon (T),,,
,-,-,1,-,-,-,-,-,-,Finneon (Z),,,
,1,-,1,2,1,1,-,1,1,Lumineon,,,
,1,-,-,-,-,-,-,-,-,Lumineon (T),,,
,-,-,1,-,-,-,-,-,-,Lumineon (Z),,,
,-,1,1,1,-,1,8,1,1,Mantyke,,,
,-,-,-,-,-,-,-,-,-,Mantyke (T),,,
,-,-,1,-,-,-,-,-,-,Mantyke (Z),,,
,1,1,1,1,1,1,11,1,1,Snover,,,
,1,-,-,-,-,-,-,-,-,Snover (T),,,
,-,-,1,-,-,-,-,-,-,Snover (Z),,,
,6,3,2,3,8,6,-,5,4,Abomasnow,,,
,6,-,-,-,-,-,-,-,-,Abomasnow (T),,,
,-,-,2,-,-,-,-,-,-,Abomasnow (Z),,,
,-,-,2,2,-,3,-,3,2,Mega Abomasnow,,,
,12,17,14,16,11,14,-,17,17,Weavile,,,
,12,-,-,-,-,-,-,-,-,Weavile (T),,,
,-,-,14,-,-,-,-,-,-,Weavile (Z),,,
,5,4,5,6,6,6,-,9,7,Magnezone,,,
,5,-,-,-,-,-,-,-,-,Magnezone (T),,,
,-,-,5,-,-,-,-,-,-,Magnezone (Z),,,
,-,4,5,6,-,5,-,9,8,Lickilicky,,,
,-,-,-,-,-,-,-,-,-,Lickilicky (T),,,
,-,-,5,-,-,-,-,-,-,Lickilicky (Z),,,
,7,9,6,6,10,7,-,7,8,Rhyperior,,,
,7,-,-,-,-,-,-,-,-,Rhyperior (T),,,
,-,-,6,-,-,-,-,-,-,Rhyperior (Z),,,
,-,8,10,9,-,8,-,13,10,Tangrowth,,,
,-,-,-,-,-,-,-,-,-,Tangrowth (T),,,
,-,-,10,-,-,-,-,-,-,Tangrowth (Z),,,
,1,2,2,2,8,1,-,3,2,Electivire,,,
,1,-,-,-,-,-,-,-,-,Electivire (T),,,
,-,-,2,-,-,-,-,-,-,Electivire (Z),,,
,2,2,2,5,9,2,-,4,4,Magmortar,,,
,2,-,-,-,-,-,-,-,-,Magmortar (T),,,
,-,-,2,-,-,-,-,-,-,Magmortar (Z),,,
,-,10,9,13,-,12,-,11,12,Togekiss,,,
,-,-,-,-,-,-,-,-,-,Togekiss (T),,,
,-,-,9,-,-,-,-,-,-,Togekiss (Z),,,
,5,-,3,5,4,5,-,7,4,Yanmega,,,
,6,-,-,-,-,-,-,-,-,Yanmega (T),,,
,-,-,3,-,-,-,-,-,-,Yanmega (Z),,,
,1,2,3,2,2,2,-,3,4,Leafeon,,,
,1,-,-,-,-,-,-,-,-,Leafeon (T),,,
,-,-,3,-,-,-,-,-,-,Leafeon (Z),,,
,1,1,1,1,2,1,-,1,2,Glaceon,,,
,1,-,-,-,-,-,-,-,-,Glaceon (T),,,
,-,-,1,-,-,-,-,-,-,Glaceon (Z),,,
,11,-,9,10,4,14,-,15,12,Gliscor,,,
,13,-,-,-,-,-,-,-,-,Gliscor (T),,,
,-,-,9,-,-,-,-,-,-,Gliscor (Z),,,
,8,9,9,11,8,9,-,13,12,Mamoswine,,,
,8,-,-,-,-,-,-,-,-,Mamoswine (T),,,
,-,-,9,-,-,-,-,-,-,Mamoswine (Z),,,
,6,5,6,7,11,6,-,8,9,Porygon-Z,,,
,6,-,-,-,-,-,-,-,-,Porygon-Z (T),,,
,-,-,6,-,-,-,-,-,-,Porygon-Z (Z),,,
,6,2,2,4,10,7,-,7,4,Gallade,,,
,7,-,-,-,-,-,-,-,-,Gallade (T),,,
,-,-,2,-,-,-,-,-,-,Gallade (Z),,,
,-,-,17,17,-,19,-,14,19,Mega Gallade,,,
,1,-,1,2,2,1,-,1,2,Probopass,,,
,1,-,-,-,-,-,-,-,-,Probopass (T),,,
,-,-,1,-,-,-,-,-,-,Probopass (Z),,,
,3,3,1,3,5,3,-,2,3,Dusknoir,,,
,3,-,-,-,-,-,-,-,-,Dusknoir (T),,,
,-,-,1,-,-,-,-,-,-,Dusknoir (Z),,,
,4,3,3,5,3,4,-,8,6,Froslass,,,
,4,-,-,-,-,-,-,-,-,Froslass (T),,,
,-,-,3,-,-,-,-,-,-,Froslass (Z),,,
,6,3,3,4,4,5,-,4,4,Rotom,,,
,6,-,-,-,-,-,-,-,-,Rotom (T),,,
,-,-,3,-,-,-,-,-,-,Rotom (Z),,,
,7,9,7,8,10,9,-,11,11,Rotom-Heat,,,
,7,-,-,-,-,-,-,-,-,Rotom-Heat (T),,,
,-,-,7,-,-,-,-,-,-,Rotom-Heat (Z),,,
,13,15,15,16,12,14,-,17,15,Rotom-Wash,,,
,13,-,-,-,-,-,-,-,-,Rotom-Wash (T),,,
,-,-,15,-,-,-,-,-,-,Rotom-Wash (Z),,,
,4,3,4,3,5,6,-,7,6,Rotom-Frost,,,
,4,-,-,-,-,-,-,-,-,Rotom-Frost (T),,,
,-,-,4,-,-,-,-,-,-,Rotom-Frost (Z),,,
,4,4,3,3,5,4,-,4,5,Rotom-Fan,,,
,4,-,-,-,-,-,-,-,-,Rotom-Fan (T),,,
,-,-,3,-,-,-,-,-,-,Rotom-Fan (Z),,,
,6,6,6,7,8,7,-,10,9,Rotom-Mow,,,
,6,-,-,-,-,-,-,-,-,Rotom-Mow (T),,,
,-,-,6,-,-,-,-,-,-,Rotom-Mow (Z),,,
,11,12,13,12,8,11,-,11,11,Uxie,,,
,11,-,-,-,-,-,-,-,-,Uxie (T),,,
,-,-,13,-,-,-,-,-,-,Uxie (Z),,,
,9,8,10,10,7,9,-,9,10,Mesprit,,,
,9,-,-,-,-,-,-,-,-,Mesprit (T),,,
,-,-,10,-,-,-,-,-,-,Mesprit (Z),,,
,10,11,11,10,8,11,-,12,11,Azelf,,,
,10,-,-,-,-,-,-,-,-,Azelf (T),,,
,-,-,11,-,-,-,-,-,-,Azelf (Z),,,
,99,99,99,99,99,99,-,24,99,Dialga,,,
,99,-,-,-,-,-,-,-,-,Dialga (T),,,
,-,-,99,-,-,-,-,-,-,Dialga (Z),,,
,-,-,-,-,-,99,-,-,-,Dialga-Origin,,,
,-,-,-,-,-,-,-,-,-,Dialga-Origin (T),,,
,-,-,-,-,-,-,-,-,-,Dialga-Origin (Z),,,
,99,99,99,99,99,99,-,26,99,Palkia,,,
,99,-,-,-,-,-,-,-,-,Palkia (T),,,
,-,-,99,-,-,-,-,-,-,Palkia (Z),,,
,-,-,-,-,-,99,-,-,-,Palkia-Origin,,,
,-,-,-,-,-,-,-,-,-,Palkia-Origin (T),,,
,-,-,-,-,-,-,-,-,-,Palkia-Origin (Z),,,
,11,11,12,14,14,13,-,14,14,Heatran,,,
,12,-,-,-,-,-,-,-,-,Heatran (T),,,
,-,-,12,-,-,-,-,-,-,Heatran (Z),,,
,1,3,1,1,4,2,-,3,5,Regigigas,,,
,1,-,-,-,-,-,-,-,-,Regigigas (T),,,
,-,-,1,-,-,-,-,-,-,Regigigas (Z),,,
,99,99,99,99,99,99,-,26,99,Giratina,,,
,99,-,-,-,-,-,-,-,-,Giratina (T),,,
,-,-,99,-,-,-,-,-,-,Giratina (Z),,,
,-,-,-,-,-,99,-,-,-,Giratina-Origin,,,
,-,-,-,-,-,-,-,-,-,Giratina-Origin (T),,,
,-,-,-,-,-,-,-,-,-,Giratina-Origin (Z),,,
,8,7,9,9,13,10,-,9,10,Cresselia,,,
,8,-,-,-,-,-,-,-,-,Cresselia (T),,,
,-,-,9,-,-,-,-,-,-,Cresselia (Z),,,
,1,-,1,1,99,1,-,1,1,Phione,,,
,1,-,-,-,-,-,-,-,-,Phione (T),,,
,-,-,1,-,-,-,-,-,-,Phione (Z),,,
,8,-,13,15,99,12,-,13,15,Manaphy,,,
,10,-,-,-,-,-,-,-,-,Manaphy (T),,,
,-,-,13,-,-,-,-,-,-,Manaphy (Z),,,
,17,-,99,99,99,17,-,21,99,Darkrai,,,
,-,-,-,-,-,-,-,-,-,Darkrai (T),,,
,-,-,99,-,-,-,-,-,-,Darkrai (Z),,,
,7,-,8,9,99,8,-,10,9,Shaymin,,,
,8,-,-,-,-,-,-,-,-,Shaymin (T),,,
,-,-,8,-,-,-,-,-,-,Shaymin (Z),,,
,99,-,99,99,99,99,-,17,99,Shaymin-Sky,,,
,99,-,-,-,-,-,-,-,-,Shaymin-Sky (T),,,
,-,-,99,-,-,-,-,-,-,Shaymin-Sky (Z),,,
,99,-,99,99,99,99,-,99,99,Arceus,,,
,99,-,-,-,-,-,-,-,-,Arceus (T),,,
,-,-,99,-,-,-,-,-,-,Arceus (Z),,,
,-,-,-,-,-,99,-,21,99,Arceus-Bug,,,
,-,-,-,-,-,-,-,-,-,Arceus-Bug (T),,,
,-,-,-,-,-,-,-,-,-,Arceus-Bug (Z),,,
,-,-,-,-,-,99,-,26,99,Arceus-Dark,,,
,-,-,-,-,-,-,-,-,-,Arceus-Dark (T),,,
,-,-,-,-,-,-,-,-,-,Arceus-Dark (Z),,,
,-,-,-,-,-,99,-,26,99,Arceus-Dragon,,,
,-,-,-,-,-,-,-,-,-,Arceus-Dragon (T),,,
,-,-,-,-,-,-,-,-,-,Arceus-Dragon (Z),,,
,-,-,-,-,-,99,-,24,99,Arceus-Electric,,,
,-,-,-,-,-,-,-,-,-,Arceus-Electric (T),,,
,-,-,-,-,-,-,-,-,-,Arceus-Electric (Z),,,
,-,-,-,-,-,99,-,23,99,Arceus-Fighting,,,
,-,-,-,-,-,-,-,-,-,Arceus-Fighting (T),,,
,-,-,-,-,-,-,-,-,-,Arceus-Fighting (Z),,,
,-,-,-,-,-,99,-,21,99,Arceus-Fire,,,
,-,-,-,-,-,-,-,-,-,Arceus-Fire (T),,,
,-,-,-,-,-,-,-,-,-,Arceus-Fire (Z),,,
,-,-,-,-,-,99,-,25,99,Arceus-Flying,,,
,-,-,-,-,-,-,-,-,-,Arceus-Flying (T),,,
,-,-,-,-,-,-,-,-,-,Arceus-Flying (Z),,,
,-,-,-,-,-,99,-,99,99,Arceus-Ghost,,,
,-,-,-,-,-,-,-,-,-,Arceus-Ghost (T),,,
,-,-,-,-,-,-,-,-,-,Arceus-Ghost (Z),,,
,-,-,-,-,-,99,-,22,99,Arceus-Grass,,,
,-,-,-,-,-,-,-,-,-,Arceus-Grass (T),,,
,-,-,-,-,-,-,-,-,-,Arceus-Grass (Z),,,
,-,-,-,-,-,99,-,30,99,Arceus-Ground,,,
,-,-,-,-,-,-,-,-,-,Arceus-Ground (T),,,
,-,-,-,-,-,-,-,-,-,Arceus-Ground (Z),,,
,-,-,-,-,-,99,-,22,99,Arceus-Ice,,,
,-,-,-,-,-,-,-,-,-,Arceus-Ice (T),,,
,-,-,-,-,-,-,-,-,-,Arceus-Ice (Z),,,
,-,-,-,-,-,99,-,28,99,Arceus-Poison,,,
,-,-,-,-,-,-,-,-,-,Arceus-Poison (T),,,
,-,-,-,-,-,-,-,-,-,Arceus-Poison (Z),,,
,-,-,-,-,-,99,-,23,99,Arceus-Psychic,,,
,-,-,-,-,-,-,-,-,-,Arceus-Psychic (T),,,
,-,-,-,-,-,-,-,-,-,Arceus-Psychic (Z),,,
,-,-,-,-,-,99,-,22,99,Arceus-Rock,,,
,-,-,-,-,-,-,-,-,-,Arceus-Rock (T),,,
,-,-,-,-,-,-,-,-,-,Arceus-Rock (Z),,,
,-,-,-,-,-,99,-,27,99,Arceus-Steel,,,
,-,-,-,-,-,-,-,-,-,Arceus-Steel (T),,,
,-,-,-,-,-,-,-,-,-,Arceus-Steel (Z),,,
,-,-,-,-,-,99,-,29,99,Arceus-Water,,,
,-,-,-,-,-,-,-,-,-,Arceus-Water (T),,,
,-,-,-,-,-,-,-,-,-,Arceus-Water (Z),,,
,-,-,-,-,-,99,-,30,99,Arceus-Fairy,,,
,-,-,-,-,-,-,-,-,-,Arceus-Fairy (T),,,
,-,-,-,-,-,-,-,-,-,Arceus-Fairy (Z),,,
,-,17,13,14,-,15,-,17,17,Victini,,,
,-,-,-,-,-,-,-,-,-,Victini (T),,,
,-,-,13,-,-,-,-,-,-,Victini (Z),,,
,1,-,1,1,1,1,10,1,1,Snivy,,,
,1,-,-,-,-,-,-,-,-,Snivy (T),,,
,-,-,1,-,-,-,-,-,-,Snivy (Z),,,
,1,-,1,2,1,1,-,1,1,Servine,,,
,1,-,-,-,-,-,-,-,-,Servine (T),,,
,-,-,1,-,-,-,-,-,-,Servine (Z),,,
,7,-,14,14,6,7,-,11,8,Serperior,,,
,11,-,-,-,-,-,-,-,-,Serperior (T),,,
,-,-,14,-,-,-,-,-,-,Serperior (Z),,,
,1,-,1,1,1,1,6,1,1,Tepig,,,
,1,-,-,-,-,-,-,-,-,Tepig (T),,,
,-,-,1,-,-,-,-,-,-,Tepig (Z),,,
,1,-,1,1,1,1,-,1,1,Pignite,,,
,1,-,-,-,-,-,-,-,-,Pignite (T),,,
,-,-,1,-,-,-,-,-,-,Pignite (Z),,,
,4,-,4,6,5,4,-,5,6,Emboar,,,
,4,-,-,-,-,-,-,-,-,Emboar (T),,,
,-,-,4,-,-,-,-,-,-,Emboar (Z),,,
,1,-,1,1,1,1,4,1,1,Oshawott,,,
,1,-,-,-,-,-,-,-,-,Oshawott (T),,,
,-,-,1,-,-,-,-,-,-,Oshawott (Z),,,
,1,-,1,1,1,1,-,1,1,Dewott,,,
,1,-,-,-,-,-,-,-,-,Dewott (T),,,
,-,-,1,-,-,-,-,-,-,Dewott (Z),,,
,1,-,1,2,2,1,-,1,2,Samurott,,,
,1,-,-,-,-,-,-,-,-,Samurott (T),,,
,-,-,1,-,-,-,-,-,-,Samurott (Z),,,
,14,-,-,-,6,15,-,15,,Hisuian Samurott,,,
,14,-,-,-,-,-,-,-,-,Hisuian Samurott (T),,,
,-,-,-,-,-,-,-,-,-,Hisuian Samurott (Z),,,
,-,-,1,1,-,1,4,1,1,Patrat,,,
,-,-,-,-,-,-,-,-,-,Patrat (T),,,
,-,-,1,-,-,-,-,-,-,Patrat (Z),,,
,-,-,1,1,-,1,-,1,1,Watchog,,,
,-,-,-,-,-,-,-,-,-,Watchog (T),,,
,-,-,1,-,-,-,-,-,-,Watchog (Z),,,
,-,1,1,1,-,1,4,1,1,Lillipup,,,
,-,-,-,-,-,-,-,-,-,Lillipup (T),,,
,-,-,1,-,-,-,-,-,-,Lillipup (Z),,,
,-,1,1,1,-,1,-,1,1,Herdier,,,
,-,-,-,-,-,-,-,-,-,Herdier (T),,,
,-,-,1,-,-,-,-,-,-,Herdier (Z),,,
,-,3,2,2,-,2,-,3,3,Stoutland,,,
,-,-,-,-,-,-,-,-,-,Stoutland (T),,,
,-,-,2,-,-,-,-,-,-,Stoutland (Z),,,
,-,1,1,1,-,1,9,1,1,Purrloin,,,
,-,-,-,-,-,-,-,-,-,Purrloin (T),,,
,-,-,1,-,-,-,-,-,-,Purrloin (Z),,,
,-,2,2,2,-,1,-,4,1,Liepard,,,
,-,-,-,-,-,-,-,-,-,Liepard (T),,,
,-,-,2,-,-,-,-,-,-,Liepard (Z),,,
,-,-,1,1,-,1,6,1,1,Pansage,,,
,-,-,-,-,-,-,-,-,-,Pansage (T),,,
,-,-,1,-,-,-,-,-,-,Pansage (Z),,,
,-,-,1,2,-,2,-,1,2,Simisage,,,
,-,-,-,-,-,-,-,-,-,Simisage (T),,,
,-,-,1,-,-,-,-,-,-,Simisage (Z),,,
,-,-,1,1,-,1,6,1,1,Pansear,,,
,-,-,-,-,-,-,-,-,-,Pansear (T),,,
,-,-,1,-,-,-,-,-,-,Pansear (Z),,,
,-,-,1,2,-,2,-,1,2,Simisear,,,
,-,-,-,-,-,-,-,-,-,Simisear (T),,,
,-,-,1,-,-,-,-,-,-,Simisear (Z),,,
,-,-,1,1,-,1,5,1,1,Panpour,,,
,-,-,-,-,-,-,-,-,-,Panpour (T),,,
,-,-,1,-,-,-,-,-,-,Panpour (Z),,,
,-,-,1,2,-,2,-,1,2,Simipour,,,
,-,-,-,-,-,-,-,-,-,Simipour (T),,,
,-,-,1,-,-,-,-,-,-,Simipour (Z),,,
,-,1,1,1,-,1,5,1,1,Munna,,,
,-,-,-,-,-,-,-,-,-,Munna (T),,,
,-,-,1,-,-,-,-,-,-,Munna (Z),,,
,-,1,4,4,-,1,-,5,5,Musharna,,,
,-,-,-,-,-,-,-,-,-,Musharna (T),,,
,-,-,4,-,-,-,-,-,-,Musharna (Z),,,
,-,1,1,1,-,1,3,1,1,Pidove,,,
,-,-,-,-,-,-,-,-,-,Pidove (T),,,
,-,-,1,-,-,-,-,-,-,Pidove (Z),,,
,-,1,1,1,-,1,-,1,1,Tranquill,,,
,-,-,-,-,-,-,-,-,-,Tranquill (T),,,
,-,-,1,-,-,-,-,-,-,Tranquill (Z),,,
,-,1,1,1,-,1,-,1,2,Unfezant,,,
,-,-,-,-,-,-,-,-,-,Unfezant (T),,,
,-,-,1,-,-,-,-,-,-,Unfezant (Z),,,
,1,-,1,1,1,1,5,1,1,Blitzle,,,
,1,-,-,-,-,-,-,-,-,Blitzle (T),,,
,-,-,1,-,-,-,-,-,-,Blitzle (Z),,,
,1,-,1,2,1,1,-,1,1,Zebstrika,,,
,1,-,-,-,-,-,-,-,-,Zebstrika (T),,,
,-,-,1,-,-,-,-,-,-,Zebstrika (Z),,,
,-,1,1,1,-,1,7,1,1,Roggenrola,,,
,-,-,-,-,-,-,-,-,-,Roggenrola (T),,,
,-,-,1,-,-,-,-,-,-,Roggenrola (Z),,,
,-,1,1,1,-,1,-,1,1,Boldore,,,
,-,-,-,-,-,-,-,-,-,Boldore (T),,,
,-,-,1,-,-,-,-,-,-,Boldore (Z),,,
,-,6,8,1,-,7,-,9,8,Gigalith,,,
,-,-,-,-,-,-,-,-,-,Gigalith (T),,,
,-,-,8,-,-,-,-,-,-,Gigalith (Z),,,
,-,1,1,1,-,1,7,1,1,Woobat,,,
,-,-,-,-,-,-,-,-,-,Woobat (T),,,
,-,-,1,-,-,-,-,-,-,Woobat (Z),,,
,-,1,1,2,-,1,-,2,2,Swoobat,,,
,-,-,-,-,-,-,-,-,-,Swoobat (T),,,
,-,-,1,-,-,-,-,-,-,Swoobat (Z),,,
,1,1,1,1,1,1,12,1,1,Drilbur,,,
,1,-,-,-,-,-,-,-,-,Drilbur (T),,,
,-,-,1,-,-,-,-,-,-,Drilbur (Z),,,
,10,11,14,15,10,14,-,15,14,Excadrill,,,
,12,-,-,-,-,-,-,-,-,Excadrill (T),,,
,-,-,14,-,-,-,-,-,-,Excadrill (Z),,,
,-,5,4,4,-,3,-,6,5,Audino,,,
,-,-,-,-,-,-,-,-,-,Audino (T),,,
,-,-,4,-,-,-,-,-,-,Audino (Z),,,
,-,-,1,3,-,2,-,2,3,Mega Audino,,,
,1,1,1,1,1,1,13,1,1,Timburr,,,
,1,-,-,-,-,-,-,-,-,Timburr (T),,,
,-,-,1,-,-,-,-,-,-,Timburr (Z),,,
,2,4,4,3,2,2,-,5,5,Gurdurr,,,
,2,-,-,-,-,-,-,-,-,Gurdurr (T),,,
,-,-,4,-,-,-,-,-,-,Gurdurr (Z),,,
,7,7,8,9,8,8,-,8,11,Conkeldurr,,,
,9,-,-,-,-,-,-,-,-,Conkeldurr (T),,,
,-,-,8,-,-,-,-,-,-,Conkeldurr (Z),,,
,-,1,1,1,-,1,4,1,1,Tympole,,,
,-,-,-,-,-,-,-,-,-,Tympole (T),,,
,-,-,1,-,-,-,-,-,-,Tympole (Z),,,
,-,1,1,1,-,1,-,1,1,Palpitoad,,,
,-,-,-,-,-,-,-,-,-,Palpitoad (T),,,
,-,-,1,-,-,-,-,-,-,Palpitoad (Z),,,
,-,10,10,8,-,8,-,10,11,Seismitoad,,,
,-,-,-,-,-,-,-,-,-,Seismitoad (T),,,
,-,-,10,-,-,-,-,-,-,Seismitoad (Z),,,
,-,4,4,5,-,2,-,5,6,Throh,,,
,-,-,-,-,-,-,-,-,-,Throh (T),,,
,-,-,4,-,-,-,-,-,-,Throh (Z),,,
,-,3,3,4,-,2,-,2,4,Sawk,,,
,-,-,-,-,-,-,-,-,-,Sawk (T),,,
,-,-,3,-,-,-,-,-,-,Sawk (Z),,,
,1,-,1,1,1,1,5,1,1,Sewaddle,,,
,1,-,-,-,-,-,-,-,-,Sewaddle (T),,,
,-,-,1,-,-,-,-,-,-,Sewaddle (Z),,,
,1,-,1,1,1,1,-,1,1,Swadloon,,,
,1,-,-,-,-,-,-,-,-,Swadloon (T),,,
,-,-,1,-,-,-,-,-,-,Swadloon (Z),,,
,2,-,1,2,1,2,-,2,1,Leavanny,,,
,2,-,-,-,-,-,-,-,-,Leavanny (T),,,
,-,-,1,-,-,-,-,-,-,Leavanny (Z),,,
,-,1,1,1,-,1,6,1,1,Venipede,,,
,-,-,-,-,-,-,-,-,-,Venipede (T),,,
,-,-,1,-,-,-,-,-,-,Venipede (Z),,,
,-,1,1,1,-,1,-,1,1,Whirlipede,,,
,-,-,-,-,-,-,-,-,-,Whirlipede (T),,,
,-,-,1,-,-,-,-,-,-,Whirlipede (Z),,,
,-,9,11,12,-,11,-,12,11,Scolipede,,,
,-,-,-,-,-,-,-,-,-,Scolipede (T),,,
,-,-,11,-,-,-,-,-,-,Scolipede (Z),,,
,1,1,1,1,2,1,8,2,1,Cottonee,,,
,1,-,-,-,-,-,-,-,-,Cottonee (T),,,
,-,-,1,-,-,-,-,-,-,Cottonee (Z),,,
,7,7,8,8,19,7,-,10,7,Whimsicott,,,
,7,-,-,-,-,-,-,-,-,Whimsicott (T),,,
,-,-,8,-,-,-,-,-,-,Whimsicott (Z),,,
,1,1,1,1,-,1,5,1,1,Petilil,,,
,1,-,-,-,-,-,-,-,-,Petilil (T),,,
,-,-,1,-,-,-,-,-,-,Petilil (Z),,,
,1,1,1,2,7,1,-,1,1,Lilligant,,,
,2,-,-,-,-,-,-,-,-,Lilligant (T),,,
,-,-,1,-,-,-,-,-,-,Lilligant (Z),,,
,9,-,-,-,10,11,-,11,,Hisuian Lilligant,,,
,10,-,-,-,-,-,-,-,-,Hisuian Lilligant (T),,,
,-,-,-,-,-,-,-,-,-,Hisuian Lilligant (Z),,,
,2,1,1,1,2,1,-,3,3,Basculin,,,
,2,-,-,-,-,-,-,-,-,Basculin (T),,,
,-,-,1,-,-,-,-,-,-,Basculin (Z),,,
,-,-,-,-,-,-,-,-,-,-,,,
,-,-,-,-,-,-,-,-,-,- (T),,,
,-,-,-,-,-,-,-,-,-,- (Z),,,
,#N/A,-,-,-,-,-,-,-,-,,,,
,-,-,-,-,-,-,-,-,-, (T),,,
,-,-,-,-,-,-,-,-,-, (Z),,,
,1,1,1,1,1,1,10,1,1,Sandile,,,
,1,-,-,-,-,-,-,-,-,Sandile (T),,,
,-,-,1,-,-,-,-,-,-,Sandile (Z),,,
,1,1,1,1,1,1,-,1,1,Krokorok,,,
,1,-,-,-,-,-,-,-,-,Krokorok (T),,,
,-,-,1,-,-,-,-,-,-,Krokorok (Z),,,
,11,14,14,14,10,12,-,14,14,Krookodile,,,
,11,-,-,-,-,-,-,-,-,Krookodile (T),,,
,-,-,14,-,-,-,-,-,-,Krookodile (Z),,,
,-,1,1,1,-,1,8,1,1,Darumaka,,,
,-,-,-,-,-,-,-,-,-,Darumaka (T),,,
,-,-,1,-,-,-,-,-,-,Darumaka (Z),,,
,-,1,-,-,-,1,8,1,1,Galarian Darumaka,,,
,-,-,-,-,-,-,-,-,-,Galarian Darumaka (T),,,
,-,-,-,-,-,-,-,-,-,Galarian Darumaka (Z),,,
,-,4,7,6,-,6,-,10,8,Darmanitan,,,
,-,-,-,-,-,-,-,-,-,Darmanitan (T),,,
,-,-,7,-,-,-,-,-,-,Darmanitan (Z),,,
,-,-,-,-,-,-,-,-,-,-,,,
,-,-,-,-,-,-,-,-,-,- (T),,,
,-,-,-,-,-,-,-,-,-,- (Z),,,
,-,13,-,-,-,12,-,14,14,Galarian Darmanitan,,,
,-,-,-,-,-,-,-,-,-,Galarian Darmanitan (T),,,
,-,-,-,-,-,-,-,-,-,Galarian Darmanitan (Z),,,
,-,-,-,-,-,-,-,-,-,-,,,
,-,-,-,-,-,-,-,-,-,- (T),,,
,-,-,-,-,-,-,-,-,-,- (Z),,,
,-,1,1,1,-,1,-,1,1,Maractus,,,
,-,-,-,-,-,-,-,-,-,Maractus (T),,,
,-,-,1,-,-,-,-,-,-,Maractus (Z),,,
,-,1,1,1,-,1,12,1,1,Dwebble,,,
,-,-,-,-,-,-,-,-,-,Dwebble (T),,,
,-,-,1,-,-,-,-,-,-,Dwebble (Z),,,
,-,4,3,2,-,3,-,4,4,Crustle,,,
,-,-,-,-,-,-,-,-,-,Crustle (T),,,
,-,-,3,-,-,-,-,-,-,Crustle (Z),,,
,1,1,1,1,1,1,14,1,1,Scraggy,,,
,1,-,-,-,-,-,-,-,-,Scraggy (T),,,
,-,-,1,-,-,-,-,-,-,Scraggy (Z),,,
,6,8,7,7,9,6,-,7,7,Scrafty,,,
,6,-,-,-,-,-,-,-,-,Scrafty (T),,,
,-,-,7,-,-,-,-,-,-,Scrafty (Z),,,
,-,4,4,5,-,4,-,5,5,Sigilyph,,,
,-,-,-,-,-,-,-,-,-,Sigilyph (T),,,
,-,-,4,-,-,-,-,-,-,Sigilyph (Z),,,
,-,1,1,1,-,1,6,1,1,Yamask,,,
,-,-,-,-,-,-,-,-,-,Yamask (T),,,
,-,-,1,-,-,-,-,-,-,Yamask (Z),,,
,-,1,-,-,-,1,6,1,1,Galarian Yamask,,,
,-,-,-,-,-,-,-,-,-,Galarian Yamask (T),,,
,-,-,-,-,-,-,-,-,-,Galarian Yamask (Z),,,
,-,5,7,6,-,5,-,9,7,Cofagrigus,,,
,-,-,-,-,-,-,-,-,-,Cofagrigus (T),,,
,-,-,7,-,-,-,-,-,-,Cofagrigus (Z),,,
,-,1,1,1,-,1,9,1,1,Tirtouga,,,
,-,-,-,-,-,-,-,-,-,Tirtouga (T),,,
,-,-,1,-,-,-,-,-,-,Tirtouga (Z),,,
,-,3,3,3,-,2,-,2,2,Carracosta,,,
,-,-,-,-,-,-,-,-,-,Carracosta (T),,,
,-,-,3,-,-,-,-,-,-,Carracosta (Z),,,
,-,1,1,1,-,1,11,1,1,Archen,,,
,-,-,-,-,-,-,-,-,-,Archen (T),,,
,-,-,1,-,-,-,-,-,-,Archen (Z),,,
,-,5,3,3,-,3,-,6,5,Archeops,,,
,-,-,-,-,-,-,-,-,-,Archeops (T),,,
,-,-,3,-,-,-,-,-,-,Archeops (Z),,,
,-,1,1,1,-,1,12,1,1,Trubbish,,,
,-,-,-,-,-,-,-,-,-,Trubbish (T),,,
,-,-,1,-,-,-,-,-,-,Trubbish (Z),,,
,-,4,5,6,-,4,-,5,5,Garbodor,,,
,-,-,-,-,-,-,-,-,-,Garbodor (T),,,
,-,-,5,-,-,-,-,-,-,Garbodor (Z),,,
,1,1,1,1,1,1,9,1,1,Zorua,,,
,1,-,-,-,-,-,-,-,-,Zorua (T),,,
,-,-,1,-,-,-,-,-,-,Zorua (Z),,,
,1,-,-,-,1,1,13,1,,Hisuian Zorua,,,
,1,-,-,-,-,-,-,-,-,Hisuian Zorua (T),,,
,-,-,-,-,-,-,-,-,-,Hisuian Zorua (Z),,,
,4,4,4,4,5,5,-,9,6,Zoroark,,,
,4,-,-,-,-,-,-,-,-,Zoroark (T),,,
,-,-,4,-,-,-,-,-,-,Zoroark (Z),,,
,9,-,-,-,8,9,-,12,,Hisuian Zoroark,,,
,9,-,-,-,-,-,-,-,-,Hisuian Zoroark (T),,,
,-,-,-,-,-,-,-,-,-,Hisuian Zoroark (Z),,,
,1,1,1,1,1,1,9,1,1,Minccino,,,
,1,-,-,-,-,-,-,-,-,Minccino (T),,,
,-,-,1,-,-,-,-,-,-,Minccino (Z),,,
,4,2,3,3,2,4,-,4,4,Cinccino,,,
,4,-,-,-,-,-,-,-,-,Cinccino (T),,,
,-,-,3,-,-,-,-,-,-,Cinccino (Z),,,
,1,1,1,1,1,1,9,1,1,Gothita,,,
,1,-,-,-,-,-,-,-,-,Gothita (T),,,
,-,-,1,-,-,-,-,-,-,Gothita (Z),,,
,2,2,3,3,10,4,-,5,3,Gothorita,,,
,2,-,-,-,-,-,-,-,-,Gothorita (T),,,
,-,-,3,-,-,-,-,-,-,Gothorita (Z),,,
,10,9,10,14,13,11,-,15,11,Gothitelle,,,
,10,-,-,-,-,-,-,-,-,Gothitelle (T),,,
,-,-,10,-,-,-,-,-,-,Gothitelle (Z),,,
,1,1,1,1,1,1,6,1,1,Solosis,,,
,1,-,-,-,-,-,-,-,-,Solosis (T),,,
,-,-,1,-,-,-,-,-,-,Solosis (Z),,,
,1,1,1,2,1,1,-,1,2,Duosion,,,
,1,-,-,-,-,-,-,-,-,Duosion (T),,,
,-,-,1,-,-,-,-,-,-,Duosion (Z),,,
,6,7,11,12,9,7,-,11,12,Reuniclus,,,
,7,-,-,-,-,-,-,-,-,Reuniclus (T),,,
,-,-,11,-,-,-,-,-,-,Reuniclus (Z),,,
,1,-,1,1,1,1,7,1,1,Ducklett,,,
,1,-,-,-,-,-,-,-,-,Ducklett (T),,,
,-,-,1,-,-,-,-,-,-,Ducklett (Z),,,
,1,-,1,2,1,1,-,1,2,Swanna,,,
,1,-,-,-,-,-,-,-,-,Swanna (T),,,
,-,-,1,-,-,-,-,-,-,Swanna (Z),,,
,-,1,1,1,-,1,4,1,1,Vanillite,,,
,-,-,-,-,-,-,-,-,-,Vanillite (T),,,
,-,-,1,-,-,-,-,-,-,Vanillite (Z),,,
,-,1,1,1,-,1,-,1,1,Vanillish,,,
,-,-,-,-,-,-,-,-,-,Vanillish (T),,,
,-,-,1,-,-,-,-,-,-,Vanillish (Z),,,
,-,4,3,2,-,4,-,5,4,Vanilluxe,,,
,-,-,-,-,-,-,-,-,-,Vanilluxe (T),,,
,-,-,3,-,-,-,-,-,-,Vanilluxe (Z),,,
,1,-,1,1,1,1,9,1,1,Deerling,,,
,1,-,-,-,-,-,-,-,-,Deerling (T),,,
,-,-,1,-,-,-,-,-,-,Deerling (Z),,,
,1,-,1,2,1,1,-,1,2,Sawsbuck,,,
,1,-,-,-,-,-,-,-,-,Sawsbuck (T),,,
,-,-,1,-,-,-,-,-,-,Sawsbuck (Z),,,
,-,1,1,1,-,1,-,1,2,Emolga,,,
,-,-,-,-,-,-,-,-,-,Emolga (T),,,
,-,-,1,-,-,-,-,-,-,Emolga (Z),,,
,-,1,1,1,-,1,7,1,1,Karrablast,,,
,-,-,-,-,-,-,-,-,-,Karrablast (T),,,
,-,-,1,-,-,-,-,-,-,Karrablast (Z),,,
,-,4,4,5,-,4,-,6,6,Escavalier,,,
,-,-,-,-,-,-,-,-,-,Escavalier (T),,,
,-,-,4,-,-,-,-,-,-,Escavalier (Z),,,
,1,1,1,1,4,1,9,1,1,Foongus,,,
,1,-,-,-,-,-,-,-,-,Foongus (T),,,
,-,-,1,-,-,-,-,-,-,Foongus (Z),,,
,6,8,9,9,15,7,-,11,9,Amoonguss,,,
,6,-,-,-,-,-,-,-,-,Amoonguss (T),,,
,-,-,9,-,-,-,-,-,-,Amoonguss (Z),,,
,-,1,1,1,-,1,10,1,1,Frillish,,,
,-,-,-,-,-,-,-,-,-,Frillish (T),,,
,-,-,1,-,-,-,-,-,-,Frillish (Z),,,
,-,5,5,7,-,6,-,7,7,Jellicent,,,
,-,-,-,-,-,-,-,-,-,Jellicent (T),,,
,-,-,5,-,-,-,-,-,-,Jellicent (Z),,,
,10,-,5,5,1,8,-,12,8,Alomomola,,,
,10,-,-,-,-,-,-,-,-,Alomomola (T),,,
,-,-,5,-,-,-,-,-,-,Alomomola (Z),,,
,1,1,1,1,1,1,6,1,1,Joltik,,,
,1,-,-,-,-,-,-,-,-,Joltik (T),,,
,-,-,1,-,-,-,-,-,-,Joltik (Z),,,
,4,4,4,5,3,4,-,8,6,Galvantula,,,
,4,-,-,-,-,-,-,-,-,Galvantula (T),,,
,-,-,4,-,-,-,-,-,-,Galvantula (Z),,,
,-,2,1,1,-,1,11,2,1,Ferroseed,,,
,-,-,-,-,-,-,-,-,-,Ferroseed (T),,,
,-,-,1,-,-,-,-,-,-,Ferroseed (Z),,,
,-,10,12,12,-,13,-,16,12,Ferrothorn,,,
,-,-,-,-,-,-,-,-,-,Ferrothorn (T),,,
,-,-,12,-,-,-,-,-,-,Ferrothorn (Z),,,
,-,1,1,1,-,1,6,1,1,Klink,,,
,-,-,-,-,-,-,-,-,-,Klink (T),,,
,-,-,1,-,-,-,-,-,-,Klink (Z),,,
,-,1,1,1,-,1,-,1,1,Klang,,,
,-,-,-,-,-,-,-,-,-,Klang (T),,,
,-,-,1,-,-,-,-,-,-,Klang (Z),,,
,-,1,1,2,-,2,-,2,2,Klinklang,,,
,-,-,-,-,-,-,-,-,-,Klinklang (T),,,
,-,-,1,-,-,-,-,-,-,Klinklang (Z),,,
,1,-,1,1,1,1,1,1,1,Tynamo,,,
,1,-,-,-,-,-,-,-,-,Tynamo (T),,,
,-,-,1,-,-,-,-,-,-,Tynamo (Z),,,
,1,-,1,1,1,1,-,1,1,Eelektrik,,,
,1,-,-,-,-,-,-,-,-,Eelektrik (T),,,
,-,-,1,-,-,-,-,-,-,Eelektrik (Z),,,
,5,-,6,7,4,5,-,8,6,Eelektross,,,
,5,-,-,-,-,-,-,-,-,Eelektross (T),,,
,-,-,6,-,-,-,-,-,-,Eelektross (Z),,,
,-,1,1,1,-,1,5,1,1,Elgyem,,,
,-,-,-,-,-,-,-,-,-,Elgyem (T),,,
,-,-,1,-,-,-,-,-,-,Elgyem (Z),,,
,-,1,1,1,-,1,-,1,2,Beheeyem,,,
,-,-,-,-,-,-,-,-,-,Beheeyem (T),,,
,-,-,1,-,-,-,-,-,-,Beheeyem (Z),,,
,1,1,1,1,1,1,5,1,1,Litwick,,,
,1,-,-,-,-,-,-,-,-,Litwick (T),,,
,-,-,1,-,-,-,-,-,-,Litwick (Z),,,
,1,1,1,1,1,1,-,1,1,Lampent,,,
,1,-,-,-,-,-,-,-,-,Lampent (T),,,
,-,-,1,-,-,-,-,-,-,Lampent (Z),,,
,5,4,6,6,8,5,-,8,8,Chandelure,,,
,5,-,-,-,-,-,-,-,-,Chandelure (T),,,
,-,-,6,-,-,-,-,-,-,Chandelure (Z),,,
,1,1,1,1,1,1,11,1,1,Axew,,,
,1,-,-,-,-,-,-,-,-,Axew (T),,,
,-,-,1,-,-,-,-,-,-,Axew (Z),,,
,1,1,1,1,1,1,-,1,1,Fraxure,,,
,1,-,-,-,-,-,-,-,-,Fraxure (T),,,
,-,-,1,-,-,-,-,-,-,Fraxure (Z),,,
,7,9,5,7,7,8,-,10,11,Haxorus,,,
,8,-,-,-,-,-,-,-,-,Haxorus (T),,,
,-,-,5,-,-,-,-,-,-,Haxorus (Z),,,
,1,1,1,1,1,1,6,1,1,Cubchoo,,,
,1,-,-,-,-,-,-,-,-,Cubchoo (T),,,
,-,-,1,-,-,-,-,-,-,Cubchoo (Z),,,
,1,1,1,1,4,1,-,2,1,Beartic,,,
,1,-,-,-,-,-,-,-,-,Beartic (T),,,
,-,-,1,-,-,-,-,-,-,Beartic (Z),,,
,3,2,2,3,1,3,-,5,4,Cryogonal,,,
,3,-,-,-,-,-,-,-,-,Cryogonal (T),,,
,-,-,2,-,-,-,-,-,-,Cryogonal (Z),,,
,-,1,1,1,-,1,7,1,1,Shelmet,,,
,-,-,-,-,-,-,-,-,-,Shelmet (T),,,
,-,-,1,-,-,-,-,-,-,Shelmet (Z),,,
,-,5,4,4,-,4,-,8,5,Accelgor,,,
,-,-,-,-,-,-,-,-,-,Accelgor (T),,,
,-,-,4,-,-,-,-,-,-,Accelgor (Z),,,
,-,6,7,5,-,4,-,6,8,Stunfisk,,,
,-,-,-,-,-,-,-,-,-,Stunfisk (T),,,
,-,-,7,-,-,-,-,-,-,Stunfisk (Z),,,
,-,1,-,-,-,1,-,1,2,Galarian Stunfisk,,,
,-,-,-,-,-,-,-,-,-,Galarian Stunfisk (T),,,
,-,-,-,-,-,-,-,-,-,Galarian Stunfisk (Z),,,
,1,1,1,1,1,1,99,1,1,Mienfoo,,,
,1,-,-,-,-,-,-,-,-,Mienfoo (T),,,
,-,-,1,-,-,-,-,-,-,Mienfoo (Z),,,
,8,11,11,11,12,10,-,11,12,Mienshao,,,
,8,-,-,-,-,-,-,-,-,Mienshao (T),,,
,-,-,11,-,-,-,-,-,-,Mienshao (Z),,,
,-,4,5,6,-,4,-,5,6,Druddigon,,,
,-,-,-,-,-,-,-,-,-,Druddigon (T),,,
,-,-,5,-,-,-,-,-,-,Druddigon (Z),,,
,1,1,1,1,1,1,7,1,1,Golett,,,
,1,-,-,-,-,-,-,-,-,Golett (T),,,
,-,-,1,-,-,-,-,-,-,Golett (Z),,,
,4,5,3,3,4,4,-,5,6,Golurk,,,
,4,-,-,-,-,-,-,-,-,Golurk (T),,,
,-,-,3,-,-,-,-,-,-,Golurk (Z),,,
,1,1,1,1,1,1,14,1,1,Pawniard,,,
,1,-,-,-,-,-,-,-,-,Pawniard (T),,,
,-,-,1,-,-,-,-,-,-,Pawniard (Z),,,
,4,5,6,8,7,5,-,6,7,Bisharp,,,
,4,-,-,-,-,-,-,-,-,Bisharp (T),,,
,-,-,6,-,-,-,-,-,-,Bisharp (Z),,,
,-,4,4,3,-,3,-,2,5,Bouffalant,,,
,-,-,-,-,-,-,-,-,-,Bouffalant (T),,,
,-,-,4,-,-,-,-,-,-,Bouffalant (Z),,,
,1,1,1,1,1,1,15,1,1,Rufflet,,,
,1,-,-,-,-,-,-,-,-,Rufflet (T),,,
,-,-,1,-,-,-,-,-,-,Rufflet (Z),,,
,6,5,3,5,5,6,-,4,6,Braviary,,,
,6,-,-,-,-,-,-,-,-,Braviary (T),,,
,-,-,3,-,-,-,-,-,-,Braviary (Z),,,
,5,-,-,-,5,7,-,7,,Hisuian Braviary,,,
,7,-,-,-,-,-,-,-,-,Hisuian Braviary (T),,,
,-,-,-,-,-,-,-,-,-,Hisuian Braviary (Z),,,
,1,1,1,2,1,1,99,1,1,Vullaby,,,
,1,-,-,-,-,-,-,-,-,Vullaby (T),,,
,-,-,1,-,-,-,-,-,-,Vullaby (Z),,,
,9,10,7,9,6,9,-,12,10,Mandibuzz,,,
,9,-,-,-,-,-,-,-,-,Mandibuzz (T),,,
,-,-,7,-,-,-,-,-,-,Mandibuzz (Z),,,
,-,1,1,1,-,1,-,1,1,Heatmor,,,
,-,-,-,-,-,-,-,-,-,Heatmor (T),,,
,-,-,1,-,-,-,-,-,-,Heatmor (Z),,,
,-,3,3,4,-,3,-,7,7,Durant,,,
,-,-,-,-,-,-,-,-,-,Durant (T),,,
,-,-,3,-,-,-,-,-,-,Durant (Z),,,
,1,1,1,1,1,1,8,1,1,Deino,,,
,1,-,-,-,-,-,-,-,-,Deino (T),,,
,-,-,1,-,-,-,-,-,-,Deino (Z),,,
,1,1,1,1,1,1,-,1,1,Zweilous,,,
,1,-,-,-,-,-,-,-,-,Zweilous (T),,,
,-,-,1,-,-,-,-,-,-,Zweilous (Z),,,
,10,13,14,14,9,14,-,14,14,Hydreigon,,,
,11,-,-,-,-,-,-,-,-,Hydreigon (T),,,
,-,-,14,-,-,-,-,-,-,Hydreigon (Z),,,
,1,-,1,1,1,1,10,1,1,Larvesta,,,
,1,-,-,-,-,-,-,-,-,Larvesta (T),,,
,-,-,1,-,-,-,-,-,-,Larvesta (Z),,,
,10,12,9,9,15,10,-,12,14,Volcarona,,,
,-,-,-,-,-,-,-,-,-,Volcarona (T),,,
,-,-,9,-,-,-,-,-,-,Volcarona (Z),,,
,10,11,9,10,10,10,-,10,10,Cobalion,,,
,10,-,-,-,-,-,-,-,-,Cobalion (T),,,
,-,-,9,-,-,-,-,-,-,Cobalion (Z),,,
,8,10,10,13,10,10,-,14,12,Terrakion,,,
,8,-,-,-,-,-,-,-,-,Terrakion (T),,,
,-,-,10,-,-,-,-,-,-,Terrakion (Z),,,
,3,3,4,4,4,3,-,5,5,Virizion,,,
,3,-,-,-,-,-,-,-,-,Virizion (T),,,
,-,-,4,-,-,-,-,-,-,Virizion (Z),,,
,5,6,5,5,19,6,-,9,9,Tornadus-Incarnate,,,
,5,-,-,-,-,-,-,-,-,Tornadus-Incarnate (T),,,
,-,-,5,-,-,-,-,-,-,Tornadus-Incarnate (Z),,,
,15,20,17,17,13,17,-,16,20,Tornadus-Therian,,,
,20,-,-,-,-,-,-,-,-,Tornadus-Therian (T),,,
,-,-,17,-,-,-,-,-,-,Tornadus-Therian (Z),,,
,10,12,15,15,14,12,-,14,13,Thundurus-Incarnate,,,
,11,-,-,-,-,-,-,-,-,Thundurus-Incarnate (T),,,
,-,-,15,-,-,-,-,-,-,Thundurus-Incarnate (Z),,,
,11,13,12,11,11,12,-,13,13,Thundurus-Therian,,,
,13,-,-,-,-,-,-,-,-,Thundurus-Therian (T),,,
,-,-,12,-,-,-,-,-,-,Thundurus-Therian (Z),,,
,99,99,99,99,99,99,-,24,99,Reshiram,,,
,99,-,-,-,-,-,-,-,-,Reshiram (T),,,
,-,-,99,-,-,-,-,-,-,Reshiram (Z),,,
,99,99,99,99,99,99,-,28,99,Zekrom,,,
,99,-,-,-,-,-,-,-,-,Zekrom (T),,,
,-,-,99,-,-,-,-,-,-,Zekrom (Z),,,
,14,15,16,18,17,16,-,18,16,Landorus-Incarnate,,,
,14,-,-,-,-,-,-,-,-,Landorus-Incarnate (T),,,
,-,-,16,-,-,-,-,-,-,Landorus-Incarnate (Z),,,
,15,19,19,19,18,18,-,20,18,Landorus-Therian,,,
,15,-,-,-,-,-,-,-,-,Landorus-Therian (T),,,
,-,-,19,-,-,-,-,-,-,Landorus-Therian (Z),,,
,15,18,11,10,99,18,-,14,17,Kyurem,,,
,-,-,-,-,-,-,-,-,-,Kyurem (T),,,
,-,-,11,-,-,-,-,-,-,Kyurem (Z),,,
,99,99,17,16,99,99,-,23,18,Kyurem-Black,,,
,99,-,-,-,-,-,-,-,-,Kyurem-Black (T),,,
,-,-,17,-,-,-,-,-,-,Kyurem-Black (Z),,,
,99,99,99,99,99,99,-,27,99,Kyurem-White,,,
,99,-,-,-,-,-,-,-,-,Kyurem-White (T),,,
,-,-,99,-,-,-,-,-,-,Kyurem-White (Z),,,
,13,14,13,17,99,13,-,11,12,Keldeo,,,
,14,-,-,-,-,-,-,-,-,Keldeo (T),,,
,-,-,13,-,-,-,-,-,-,Keldeo (Z),,,
,-,-,-,-,-,-,-,-,-,-,,,
,-,-,-,-,-,-,-,-,-,- (T),,,
,-,-,-,-,-,-,-,-,-,- (Z),,,
,7,-,7,7,99,7,-,7,9,Meloetta,,,
,7,-,-,-,-,-,-,-,-,Meloetta (T),,,
,-,-,7,-,-,-,-,-,-,Meloetta (Z),,,
,-,-,-,-,-,-,-,-,-,-,,,
,-,-,-,-,-,-,-,-,-,- (T),,,
,-,-,-,-,-,-,-,-,-,- (Z),,,
,-,99,99,99,-,99,-,22,99,Genesect,,,
,-,-,-,-,-,-,-,-,-,Genesect (T),,,
,-,-,99,-,-,-,-,-,-,Genesect (Z),,,
,-,-,-,-,-,-,-,-,-,-,,,
,-,-,-,-,-,-,-,-,-,- (T),,,
,-,-,-,-,-,-,-,-,-,- (Z),,,
,-,-,-,-,-,-,-,-,-,-,,,
,-,-,-,-,-,-,-,-,-,- (T),,,
,-,-,-,-,-,-,-,-,-,- (Z),,,
,-,-,-,-,-,-,-,-,-,-,,,
,-,-,-,-,-,-,-,-,-,- (T),,,
,-,-,-,-,-,-,-,-,-,- (Z),,,
,-,-,-,-,-,-,-,-,-,-,,,
,-,-,-,-,-,-,-,-,-,- (T),,,
,-,-,-,-,-,-,-,-,-,- (Z),,,
,1,-,1,1,1,1,8,1,1,Chespin,,,
,1,-,-,-,-,-,-,-,-,Chespin (T),,,
,-,-,1,-,-,-,-,-,-,Chespin (Z),,,
,1,-,4,3,1,1,-,2,4,Quilladin,,,
,1,-,-,-,-,-,-,-,-,Quilladin (T),,,
,-,-,4,-,-,-,-,-,-,Quilladin (Z),,,
,5,-,5,6,4,5,-,6,7,Chesnaught,,,
,5,-,-,-,-,-,-,-,-,Chesnaught (T),,,
,-,-,5,-,-,-,-,-,-,Chesnaught (Z),,,
,1,-,1,1,1,1,6,1,1,Fennekin,,,
,1,-,-,-,-,-,-,-,-,Fennekin (T),,,
,-,-,1,-,-,-,-,-,-,Fennekin (Z),,,
,1,-,1,1,1,1,-,1,1,Braixen,,,
,1,-,-,-,-,-,-,-,-,Braixen (T),,,
,-,-,1,-,-,-,-,-,-,Braixen (Z),,,
,6,-,3,4,5,5,-,6,5,Delphox,,,
,6,-,-,-,-,-,-,-,-,Delphox (T),,,
,-,-,3,-,-,-,-,-,-,Delphox (Z),,,
,1,-,1,1,1,1,7,1,1,Froakie,,,
,1,-,-,-,-,-,-,-,-,Froakie (T),,,
,-,-,1,-,-,-,-,-,-,Froakie (Z),,,
,1,-,1,1,1,1,-,2,2,Frogadier,,,
,1,-,-,-,-,-,-,-,-,Frogadier (T),,,
,-,-,1,-,-,-,-,-,-,Frogadier (Z),,,
,17,-,17,17,9,17,-,16,15,Greninja,,,
,18,-,-,-,-,-,-,-,-,Greninja (T),,,
,-,-,17,-,-,-,-,-,-,Greninja (Z),,,
,-,-,-,-,-,-,-,-,-,Greninja-Bond,,,
,-,-,99,-,-,-,-,-,99,Greninja-Ash,,,
,-,-,99,-,-,-,-,-,-,Greninja-Ash (Z),,,
,-,1,1,1,-,1,11,1,1,Bunnelby,,,
,-,-,-,-,-,-,-,-,-,Bunnelby (T),,,
,-,-,1,-,-,-,-,-,-,Bunnelby (Z),,,
,-,6,9,10,-,9,-,9,11,Diggersby,,,
,-,-,-,-,-,-,-,-,-,Diggersby (T),,,
,-,-,9,-,-,-,-,-,-,Diggersby (Z),,,
,1,1,1,1,1,1,8,1,1,Fletchling,,,
,1,-,-,-,-,-,-,-,-,Fletchling (T),,,
,-,-,1,-,-,-,-,-,-,Fletchling (Z),,,
,1,1,1,1,2,1,-,1,1,Fletchinder,,,
,1,-,-,-,-,-,-,-,-,Fletchinder (T),,,
,-,-,1,-,-,-,-,-,-,Fletchinder (Z),,,
,9,10,6,11,15,9,-,11,11,Talonflame,,,
,9,-,-,-,-,-,-,-,-,Talonflame (T),,,
,-,-,6,-,-,-,-,-,-,Talonflame (Z),,,
,1,-,1,1,1,1,1,1,1,Scatterbug,,,
,1,-,-,-,-,-,-,-,-,Scatterbug (T),,,
,-,-,1,-,-,-,-,-,-,Scatterbug (Z),,,
,1,-,1,1,2,1,-,1,1,Spewpa,,,
,1,-,-,-,-,-,-,-,-,Spewpa (T),,,
,-,-,1,-,-,-,-,-,-,Spewpa (Z),,,
,1,-,1,2,9,1,-,1,2,Vivillon,,,
,1,-,-,-,-,-,-,-,-,Vivillon (T),,,
,-,-,1,-,-,-,-,-,-,Vivillon (Z),,,
,-,-,-,-,-,-,-,-,-,-,,,
,-,-,-,-,-,-,-,-,-,- (T),,,
,-,-,-,-,-,-,-,-,-,- (Z),,,
,-,-,-,-,-,-,-,-,-,-,,,
,-,-,-,-,-,-,-,-,-,- (T),,,
,-,-,-,-,-,-,-,-,-,- (Z),,,
,1,-,1,1,1,1,8,1,1,Litleo,,,
,1,-,-,-,-,-,-,-,-,Litleo (T),,,
,-,-,1,-,-,-,-,-,-,Litleo (Z),,,
,1,-,1,2,1,1,-,2,2,Pyroar,,,
,1,-,-,-,-,-,-,-,-,Pyroar (T),,,
,-,-,1,-,-,-,-,-,-,Pyroar (Z),,,
,1,-,1,1,1,1,6,1,1,Flabébé,,,
,1,-,-,-,-,-,-,-,-,Flabébé (T),,,
,-,-,1,-,-,-,-,-,-,Flabébé (Z),,,
,1,-,1,1,1,1,-,1,1,Floette,,,
,1,-,-,-,-,-,-,-,-,Floette (T),,,
,-,-,1,-,-,-,-,-,-,Floette (Z),,,
,-,-,99,99,-,-,-,99,99,Floette-Eternal,,,
,-,-,-,-,-,-,-,-,-,Floette-Eternal (T),,,
,-,-,99,-,-,-,-,-,-,Floette-Eternal (Z),,,
,6,-,6,8,8,7,-,11,8,Florges,,,
,7,-,-,-,-,-,-,-,-,Florges (T),,,
,-,-,6,-,-,-,-,-,-,Florges (Z),,,
,1,-,1,1,1,1,7,1,1,Skiddo,,,
,1,-,-,-,-,-,-,-,-,Skiddo (T),,,
,-,-,1,-,-,-,-,-,-,Skiddo (Z),,,
,1,-,1,1,1,1,-,3,2,Gogoat,,,
,1,-,-,-,-,-,-,-,-,Gogoat (T),,,
,-,-,1,-,-,-,-,-,-,Gogoat (Z),,,
,-,1,1,1,-,1,12,1,1,Pancham,,,
,-,-,-,-,-,-,-,-,-,Pancham (T),,,
,-,-,1,-,-,-,-,-,-,Pancham (Z),,,
,-,7,5,6,-,4,-,6,7,Pangoro,,,
,-,-,-,-,-,-,-,-,-,Pangoro (T),,,
,-,-,5,-,-,-,-,-,-,Pangoro (Z),,,
,-,-,1,1,-,1,-,1,1,Furfrou,,,
,-,-,-,-,-,-,-,-,-,Furfrou (T),,,
,-,-,1,-,-,-,-,-,-,Furfrou (Z),,,
,1,1,1,1,1,1,6,1,1,Espurr,,,
,1,-,-,-,-,-,-,-,-,Espurr (T),,,
,-,-,1,-,-,-,-,-,-,Espurr (Z),,,
,1,1,1,2,1,2,-,2,1,Meowstic,,,
,1,-,-,-,-,-,-,-,-,Meowstic (T),,,
,-,-,-,-,9,-,-,-,-,Meowstic-Male,,,
,-,-,-,-,-,-,-,-,-,Meowstic-Male (T),,,
,-,-,1,-,-,-,-,-,-,Meowstic (Z),,,
,-,-,1,-,-,-,-,-,-,Meowstic-Male (Z),,,
,-,-,-,-,-,-,-,-,-,Meowstic-Female,,,
,-,-,-,-,-,-,-,-,-,Meowstic-Female (T),,,
,-,-,-,-,-,-,-,-,-,Meowstic-Female (Z),,,
,-,1,1,1,-,1,8,1,1,Honedge,,,
,-,-,-,-,-,-,-,-,-,Honedge (T),,,
,-,-,1,-,-,-,-,-,-,Honedge (Z),,,
,-,4,3,5,-,3,-,5,5,Doublade,,,
,-,-,-,-,-,-,-,-,-,Doublade (T),,,
,-,-,3,-,-,-,-,-,-,Doublade (Z),,,
,-,15,99,99,-,14,-,14,15,Aegislash,,,
,-,-,-,-,-,-,-,-,-,Aegislash (T),,,
,-,-,99,-,-,-,-,-,-,Aegislash (Z),,,
,-,-,-,-,-,-,-,-,-,-,,,
,-,-,-,-,-,-,-,-,-,- (T),,,
,-,-,-,-,-,-,-,-,-,- (Z),,,
,-,1,1,1,-,1,12,1,1,Spritzee,,,
,-,-,-,-,-,-,-,-,-,Spritzee (T),,,
,-,-,1,-,-,-,-,-,-,Spritzee (Z),,,
,-,3,4,4,-,4,-,6,5,Aromatisse,,,
,-,-,-,-,-,-,-,-,-,Aromatisse (T),,,
,-,-,4,-,-,-,-,-,-,Aromatisse (Z),,,
,-,1,1,1,-,1,99,1,1,Swirlix,,,
,-,-,-,-,-,-,-,-,-,Swirlix (T),,,
,-,-,1,-,-,-,-,-,-,Swirlix (Z),,,
,-,5,5,4,-,5,-,9,5,Slurpuff,,,
,-,-,-,-,-,-,-,-,-,Slurpuff (T),,,
,-,-,5,-,-,-,-,-,-,Slurpuff (Z),,,
,1,1,1,1,1,1,7,1,1,Inkay,,,
,1,-,-,-,-,-,-,-,-,Inkay (T),,,
,-,-,1,-,-,-,-,-,-,Inkay (Z),,,
,1,1,1,2,3,1,-,3,1,Malamar,,,
,1,-,-,-,-,-,-,-,-,Malamar (T),,,
,-,-,1,-,-,-,-,-,-,Malamar (Z),,,
,-,1,1,1,-,1,7,1,1,Binacle,,,
,-,-,-,-,-,-,-,-,-,Binacle (T),,,
,-,-,1,-,-,-,-,-,-,Binacle (Z),,,
,-,2,3,3,-,2,-,4,3,Barbaracle,,,
,-,-,-,-,-,-,-,-,-,Barbaracle (T),,,
,-,-,3,-,-,-,-,-,-,Barbaracle (Z),,,
,1,1,1,1,1,1,8,1,1,Skrelp,,,
,1,-,-,-,-,-,-,-,-,Skrelp (T),,,
,-,-,1,-,-,-,-,-,-,Skrelp (Z),,,
,6,8,8,7,7,7,-,10,8,Dragalge,,,
,6,-,-,-,-,-,-,-,-,Dragalge (T),,,
,-,-,8,-,-,-,-,-,-,Dragalge (Z),,,
,1,1,1,1,1,1,6,1,1,Clauncher,,,
,1,-,-,-,-,-,-,-,-,Clauncher (T),,,
,-,-,1,-,-,-,-,-,-,Clauncher (Z),,,
,1,2,2,3,3,1,-,3,3,Clawitzer,,,
,1,-,-,-,-,-,-,-,-,Clawitzer (T),,,
,-,-,2,-,-,-,-,-,-,Clawitzer (Z),,,
,-,1,1,1,-,1,8,1,1,Helioptile,,,
,-,-,-,-,-,-,-,-,-,Helioptile (T),,,
,-,-,1,-,-,-,-,-,-,Helioptile (Z),,,
,-,2,4,4,-,4,-,7,7,Heliolisk,,,
,-,-,-,-,-,-,-,-,-,Heliolisk (T),,,
,-,-,4,-,-,-,-,-,-,Heliolisk (Z),,,
,-,1,1,1,-,1,12,1,1,Tyrunt,,,
,-,-,-,-,-,-,-,-,-,Tyrunt (T),,,
,-,-,1,-,-,-,-,-,-,Tyrunt (Z),,,
,-,5,5,6,-,5,-,6,7,Tyrantrum,,,
,-,-,-,-,-,-,-,-,-,Tyrantrum (T),,,
,-,-,5,-,-,-,-,-,-,Tyrantrum (Z),,,
,-,1,1,1,-,1,10,1,1,Amaura,,,
,-,-,-,-,-,-,-,-,-,Amaura (T),,,
,-,-,1,-,-,-,-,-,-,Amaura (Z),,,
,-,1,1,1,-,1,-,2,4,Aurorus,,,
,-,-,-,-,-,-,-,-,-,Aurorus (T),,,
,-,-,1,-,-,-,-,-,-,Aurorus (Z),,,
,7,9,10,11,13,8,-,11,11,Sylveon,,,
,7,-,-,-,-,-,-,-,-,Sylveon (T),,,
,-,-,10,-,-,-,-,-,-,Sylveon (Z),,,
,9,10,12,7,7,12,-,10,13,Hawlucha,,,
,9,-,-,-,-,-,-,-,-,Hawlucha (T),,,
,-,-,12,-,-,-,-,-,-,Hawlucha (Z),,,
,1,1,1,1,1,1,-,1,1,Dedenne,,,
,1,-,-,-,-,-,-,-,-,Dedenne (T),,,
,-,-,1,-,-,-,-,-,-,Dedenne (Z),,,
,2,1,1,1,2,1,-,1,1,Carbink,,,
,2,-,-,-,-,-,-,-,-,Carbink (T),,,
,-,-,1,-,-,-,-,-,-,Carbink (Z),,,
,1,1,1,1,1,1,5,1,1,Goomy,,,
,1,-,-,-,-,-,-,-,-,Goomy (T),,,
,-,-,1,-,-,-,-,-,-,Goomy (Z),,,
,1,1,1,1,1,1,-,1,1,Sliggoo,,,
,1,-,-,-,-,-,-,-,-,Sliggoo (T),,,
,-,-,1,-,-,-,-,-,-,Sliggoo (Z),,,
,1,-,-,-,1,1,-,2,,Hisuian Sliggoo,,,
,1,-,-,-,-,-,-,-,-,Hisuian Sliggoo (T),,,
,-,-,-,-,-,-,-,-,-,Hisuian Sliggoo (Z),,,
,7,5,5,6,7,7,-,9,8,Goodra,,,
,7,-,-,-,-,-,-,-,-,Goodra (T),,,
,-,-,5,-,-,-,-,-,-,Goodra (Z),,,
,7,-,-,-,9,9,-,10,,Hisuian Goodra,,,
,7,-,-,-,-,-,-,-,-,Hisuian Goodra (T),,,
,-,-,-,-,-,-,-,-,-,Hisuian Goodra (Z),,,
,9,9,11,13,9,11,-,14,10,Klefki,,,
,9,-,-,-,-,-,-,-,-,Klefki (T),,,
,-,-,11,-,-,-,-,-,-,Klefki (Z),,,
,1,1,1,1,1,1,5,1,1,Phantump,,,
,1,-,-,-,-,-,-,-,-,Phantump (T),,,
,-,-,1,-,-,-,-,-,-,Phantump (Z),,,
,2,2,2,2,3,2,-,1,2,Trevenant,,,
,2,-,-,-,-,-,-,-,-,Trevenant (T),,,
,-,-,2,-,-,-,-,-,-,Trevenant (Z),,,
,-,1,1,1,-,1,10,1,1,Pumpkaboo,,,
,-,-,-,-,-,-,-,-,-,Pumpkaboo (T),,,
,-,-,-,-,-,-,-,-,-,-,,,
,-,-,-,-,-,-,-,-,-,- (T),,,
,-,-,-,-,-,-,-,-,-,-,,,
,-,-,-,-,-,-,-,-,-,- (T),,,
,-,-,-,-,-,-,-,-,-,-,,,
,-,-,-,-,-,-,-,-,-,- (T),,,
,-,-,1,-,-,-,-,-,-,Pumpkaboo (Z),,,
,-,-,-,-,-,-,-,-,-,- (Z),,,
,-,-,-,-,-,-,-,-,-,- (Z),,,
,-,-,-,-,-,-,-,-,-,- (Z),,,
,-,3,6,5,-,4,-,6,6,Gourgeist,,,
,-,-,-,-,-,-,-,-,-,Gourgeist (T),,,
,-,-,-,-,-,-,-,-,-,-,,,
,-,-,-,-,-,-,-,-,-,- (T),,,
,-,-,-,-,-,-,-,-,-,-,,,
,-,-,-,-,-,-,-,-,-,- (T),,,
,-,-,-,-,-,-,-,-,-,-,,,
,-,-,-,-,-,-,-,-,-,- (T),,,
,-,-,6,-,-,-,-,-,-,Gourgeist (Z),,,
,-,-,-,-,-,-,-,-,-,- (Z),,,
,-,-,-,-,-,-,-,-,-,- (Z),,,
,-,-,-,-,-,-,-,-,-,- (Z),,,
,1,1,1,1,1,1,5,1,1,Bergmite,,,
,1,-,-,-,-,-,-,-,-,Bergmite (T),,,
,-,-,1,-,-,-,-,-,-,Bergmite (Z),,,
,2,2,1,1,2,2,-,5,5,Avalugg,,,
,2,-,-,-,-,-,-,-,-,Avalugg (T),,,
,-,-,1,-,-,-,-,-,-,Avalugg (Z),,,
,1,-,-,-,2,1,-,1,,Hisuian Avalugg,,,
,1,-,-,-,-,-,-,-,-,Hisuian Avalugg (T),,,
,-,-,-,-,-,-,-,-,-,Hisuian Avalugg (Z),,,
,1,1,1,1,1,1,6,1,1,Noibat,,,
,1,-,-,-,-,-,-,-,-,Noibat (T),,,
,-,-,1,-,-,-,-,-,-,Noibat (Z),,,
,7,7,5,6,7,8,-,9,10,Noivern,,,
,8,-,-,-,-,-,-,-,-,Noivern (T),,,
,-,-,5,-,-,-,-,-,-,Noivern (Z),,,
,-,99,99,99,-,99,-,29,99,Xerneas,,,
,-,-,-,-,-,-,-,-,-,Xerneas (T),,,
,-,-,99,-,-,-,-,-,-,Xerneas (Z),,,
,-,99,99,99,-,99,-,29,99,Yveltal,,,
,-,-,-,-,-,-,-,-,-,Yveltal (T),,,
,-,-,99,-,-,-,-,-,-,Yveltal (Z),,,
,-,12,18,9,-,13,-,23,-,Zygarde,,,
,-,-,-,-,-,-,-,-,-,Zygarde (T),,,
,-,-,18,-,-,-,-,-,-,Zygarde (Z),,,
,-,3,5,-,-,6,-,-,6,Zygarde-10%,,,
,-,-,-,-,-,-,-,-,-,Zygarde-10% (T),,,
,-,-,5,-,-,-,-,-,-,Zygarde-10% (Z),,,
,-,-,99,-,-,99,-,-,99,Zygarde-Complete,,,
,-,-,-,-,-,-,-,-,-,Zygarde-Complete (T),,,
,-,-,99,-,-,-,-,-,-,Zygarde-Complete (Z),,,
,8,9,6,6,99,7,-,9,9,Diancie,,,
,9,-,-,-,-,-,-,-,-,Diancie (T),,,
,-,-,6,-,-,-,-,-,-,Diancie (Z),,,
,-,-,16,14,-,18,-,17,19,Mega Diancie,,,
,3,-,3,5,99,3,-,5,4,Hoopa,,,
,3,-,-,-,-,-,-,-,-,Hoopa (T),,,
,-,-,3,-,-,-,-,-,-,Hoopa (Z),,,
,8,-,9,10,-,9,-,13,12,Hoopa-Unbound,,,
,9,-,-,-,-,-,-,-,-,Hoopa-Unbound (T),,,
,-,-,9,-,-,-,-,-,-,Hoopa-Unbound (Z),,,
,8,7,7,9,99,9,-,12,10,Volcanion,,,
,9,-,-,-,-,-,-,-,-,Volcanion (T),,,
,-,-,7,-,-,-,-,-,-,Volcanion (Z),,,
,1,1,1,-,1,1,8,1,1,Rowlet,,,
,1,-,-,-,-,-,-,-,-,Rowlet (T),,,
,-,-,1,-,-,-,-,-,-,Rowlet (Z),,,
,1,1,1,-,1,1,-,1,1,Dartrix,,,
,1,-,-,-,-,-,-,-,-,Dartrix (T),,,
,-,-,1,-,-,-,-,-,-,Dartrix (Z),,,
,5,5,7,-,4,5,-,8,9,Decidueye,,,
,5,-,-,-,-,-,-,-,-,Decidueye (T),,,
,-,-,7,-,-,-,-,-,-,Decidueye (Z),,,
,3,-,-,-,4,3,-,7,,Hisuian Decidueye,,,
,3,-,-,-,-,-,-,-,-,Hisuian Decidueye (T),,,
,-,-,-,-,-,-,-,-,-,Hisuian Decidueye (Z),,,
,1,1,1,-,1,1,8,1,1,Litten,,,
,1,-,-,-,-,-,-,-,-,Litten (T),,,
,-,-,1,-,-,-,-,-,-,Litten (Z),,,
,1,1,1,-,8,1,-,1,1,Torracat,,,
,1,-,-,-,-,-,-,-,-,Torracat (T),,,
,-,-,1,-,-,-,-,-,-,Torracat (Z),,,
,5,6,6,-,16,6,-,9,9,Incineroar,,,
,5,-,-,-,-,-,-,-,-,Incineroar (T),,,
,-,-,6,-,-,-,-,-,-,Incineroar (Z),,,
,1,1,1,-,1,1,5,1,1,Popplio,,,
,1,-,-,-,-,-,-,-,-,Popplio (T),,,
,-,-,1,-,-,-,-,-,-,Popplio (Z),,,
,1,1,1,-,1,1,-,1,1,Brionne,,,
,1,-,-,-,-,-,-,-,-,Brionne (T),,,
,-,-,1,-,-,-,-,-,-,Brionne (Z),,,
,12,12,8,-,14,12,-,12,11,Primarina,,,
,12,-,-,-,-,-,-,-,-,Primarina (T),,,
,-,-,8,-,-,-,-,-,-,Primarina (Z),,,
,1,-,1,-,1,1,11,1,1,Pikipek,,,
,1,-,-,-,-,-,-,-,-,Pikipek (T),,,
,-,-,1,-,-,-,-,-,-,Pikipek (Z),,,
,1,-,1,-,1,1,-,1,1,Trumbeak,,,
,1,-,-,-,-,-,-,-,-,Trumbeak (T),,,
,-,-,1,-,-,-,-,-,-,Trumbeak (Z),,,
,1,-,1,-,1,1,-,1,2,Toucannon,,,
,1,-,-,-,-,-,-,-,-,Toucannon (T),,,
,-,-,1,-,-,-,-,-,-,Toucannon (Z),,,
,1,-,1,-,1,1,7,1,1,Yungoos,,,
,1,-,-,-,-,-,-,-,-,Yungoos (T),,,
,-,-,1,-,-,-,-,-,-,Yungoos (Z),,,
,1,-,1,-,1,1,-,1,1,Gumshoos,,,
,1,-,-,-,-,-,-,-,-,Gumshoos (T),,,
,-,-,1,-,-,-,-,-,-,Gumshoos (Z),,,
,1,1,1,-,1,1,4,1,1,Grubbin,,,
,1,-,-,-,-,-,-,-,-,Grubbin (T),,,
,-,-,1,-,-,-,-,-,-,Grubbin (Z),,,
,1,1,1,-,1,1,-,2,1,Charjabug,,,
,1,-,-,-,-,-,-,-,-,Charjabug (T),,,
,-,-,1,-,-,-,-,-,-,Charjabug (Z),,,
,3,5,3,-,6,5,-,9,7,Vikavolt,,,
,3,-,-,-,-,-,-,-,-,Vikavolt (T),,,
,-,-,3,-,-,-,-,-,-,Vikavolt (Z),,,
,1,-,1,-,1,1,9,1,1,Crabrawler,,,
,1,-,-,-,-,-,-,-,-,Crabrawler (T),,,
,-,-,1,-,-,-,-,-,-,Crabrawler (Z),,,
,1,-,1,-,3,1,-,2,2,Crabominable,,,
,1,-,-,-,-,-,-,-,-,Crabominable (T),,,
,-,-,1,-,-,-,-,-,-,Crabominable (Z),,,
,3,-,2,-,6,4,-,4,3,Oricorio,,,
,5,-,-,-,-,-,-,-,-,Oricorio (T),,,
,-,-,2,-,-,-,-,-,-,Oricorio (Z),,,
,-,-,-,-,-,-,-,-,-,-,,,
,-,-,-,-,-,-,-,-,-,- (T),,,
,-,-,-,-,-,-,-,-,-,- (Z),,,
,-,-,-,-,-,-,-,-,-,-,,,
,-,-,-,-,-,-,-,-,-,- (T),,,
,-,-,-,-,-,-,-,-,-,- (Z),,,
,-,-,-,-,-,-,-,-,-,-,,,
,-,-,-,-,-,-,-,-,-,- (T),,,
,-,-,-,-,-,-,-,-,-,- (Z),,,
,1,1,1,-,1,1,13,2,1,Cutiefly,,,
,1,-,-,-,-,-,-,-,-,Cutiefly (T),,,
,-,-,1,-,-,-,-,-,-,Cutiefly (Z),,,
,6,5,6,-,7,6,-,9,5,Ribombee,,,
,6,-,-,-,-,-,-,-,-,Ribombee (T),,,
,-,-,6,-,-,-,-,-,-,Ribombee (Z),,,
,1,1,1,-,-,1,4,1,1,Rockruff,,,
,1,-,-,-,-,-,-,-,-,Rockruff (T),,,
,-,-,1,-,-,-,-,-,-,Rockruff (Z),,,
,3,4,3,-,5,3,-,7,5,Lycanroc-Midday,,,
,3,-,-,-,-,-,-,-,-,Lycanroc-Midday (T),,,
,-,-,3,-,-,-,-,-,-,Lycanroc-Midday (Z),,,
,1,1,2,-,1,1,-,1,2,Lycanroc-Midnight,,,
,1,-,-,-,-,-,-,-,-,Lycanroc-Midnight (T),,,
,-,-,2,-,-,-,-,-,-,Lycanroc-Midnight (Z),,,
,10,12,6,-,6,10,-,12,12,Lycanroc-Dusk,,,
,10,-,-,-,-,-,-,-,-,Lycanroc-Dusk (T),,,
,-,-,6,-,-,-,-,-,-,Lycanroc-Dusk (Z),,,
,-,2,3,-,-,2,-,2,4,Wishiwashi,,,
,-,-,-,-,-,-,-,-,-,Wishiwashi (T),,,
,-,-,3,-,-,-,-,-,-,Wishiwashi (Z),,,
,-,-,-,-,-,-,-,-,-,-,,,
,-,-,-,-,-,-,-,-,-,- (T),,,
,-,-,-,-,-,-,-,-,-,- (Z),,,
,1,1,1,-,1,1,11,3,1,Mareanie,,,
,1,-,-,-,-,-,-,-,-,Mareanie (T),,,
,-,-,1,-,-,-,-,-,-,Mareanie (Z),,,
,7,8,11,-,3,9,-,19,14,Toxapex,,,
,7,-,-,-,-,-,-,-,-,Toxapex (T),,,
,-,-,11,-,-,-,-,-,-,Toxapex (Z),,,
,1,1,1,-,1,1,12,1,1,Mudbray,,,
,1,-,-,-,-,-,-,-,-,Mudbray (T),,,
,-,-,1,-,-,-,-,-,-,Mudbray (Z),,,
,5,3,5,-,6,5,-,8,7,Mudsdale,,,
,5,-,-,-,-,-,-,-,-,Mudsdale (T),,,
,-,-,5,-,-,-,-,-,-,Mudsdale (Z),,,
,1,1,1,-,1,1,10,1,1,Dewpider,,,
,1,-,-,-,-,-,-,-,-,Dewpider (T),,,
,-,-,1,-,-,-,-,-,-,Dewpider (Z),,,
,6,6,5,-,11,6,-,9,6,Araquanid,,,
,6,-,-,-,-,-,-,-,-,Araquanid (T),,,
,-,-,5,-,-,-,-,-,-,Araquanid (Z),,,
,1,1,1,-,1,1,7,1,1,Fomantis,,,
,1,-,-,-,-,-,-,-,-,Fomantis (T),,,
,-,-,1,-,-,-,-,-,-,Fomantis (Z),,,
,2,3,3,-,4,2,-,2,4,Lurantis,,,
,2,-,-,-,-,-,-,-,-,Lurantis (T),,,
,-,-,3,-,-,-,-,-,-,Lurantis (Z),,,
,-,1,1,-,-,1,7,1,1,Morelull,,,
,-,-,-,-,-,-,-,-,-,Morelull (T),,,
,-,-,1,-,-,-,-,-,-,Morelull (Z),,,
,-,1,1,-,-,1,-,1,2,Shiinotic,,,
,-,-,-,-,-,-,-,-,-,Shiinotic (T),,,
,-,-,1,-,-,-,-,-,-,Shiinotic (Z),,,
,1,1,1,-,1,1,9,1,1,Salandit,,,
,1,-,-,-,-,-,-,-,-,Salandit (T),,,
,-,-,1,-,-,-,-,-,-,Salandit (Z),,,
,5,6,8,-,11,6,-,8,9,Salazzle,,,
,5,-,-,-,-,-,-,-,-,Salazzle (T),,,
,-,-,8,-,-,-,-,-,-,Salazzle (Z),,,
,-,1,1,-,-,1,10,1,1,Stufful,,,
,-,-,-,-,-,-,-,-,-,Stufful (T),,,
,-,-,1,-,-,-,-,-,-,Stufful (Z),,,
,-,7,4,-,-,6,-,5,6,Bewear,,,
,-,-,-,-,-,-,-,-,-,Bewear (T),,,
,-,-,4,-,-,-,-,-,-,Bewear (Z),,,
,1,1,1,-,1,1,3,1,1,Bounsweet,,,
,1,-,-,-,-,-,-,-,-,Bounsweet (T),,,
,-,-,1,-,-,-,-,-,-,Bounsweet (Z),,,
,1,-,1,-,1,1,-,1,1,Steenee,,,
,1,-,-,-,-,-,-,-,-,Steenee (T),,,
,-,-,1,-,-,-,-,-,-,Steenee (Z),,,
,6,6,5,-,10,7,-,10,8,Tsareena,,,
,6,-,-,-,-,-,-,-,-,Tsareena (T),,,
,-,-,5,-,-,-,-,-,-,Tsareena (Z),,,
,6,8,10,-,13,7,-,6,9,Comfey,,,
,7,-,-,-,-,-,-,-,-,Comfey (T),,,
,-,-,10,-,-,-,-,-,-,Comfey (Z),,,
,1,1,1,-,10,1,-,1,2,Oranguru,,,
,1,-,-,-,-,-,-,-,-,Oranguru (T),,,
,-,-,1,-,-,-,-,-,-,Oranguru (Z),,,
,2,3,4,-,4,4,-,5,4,Passimian,,,
,2,-,-,-,-,-,-,-,-,Passimian (T),,,
,-,-,4,-,-,-,-,-,-,Passimian (Z),,,
,-,1,1,-,-,1,3,1,1,Wimpod,,,
,-,-,-,-,-,-,-,-,-,Wimpod (T),,,
,-,-,1,-,-,-,-,-,-,Wimpod (Z),,,
,-,4,3,-,-,3,-,4,4,Golisopod,,,
,-,-,-,-,-,-,-,-,-,Golisopod (T),,,
,-,-,3,-,-,-,-,-,-,Golisopod (Z),,,
,1,1,1,-,1,1,7,1,1,Sandygast,,,
,1,-,-,-,-,-,-,-,-,Sandygast (T),,,
,-,-,1,-,-,-,-,-,-,Sandygast (Z),,,
,3,3,3,-,4,4,-,7,5,Palossand,,,
,3,-,-,-,-,-,-,-,-,Palossand (T),,,
,-,-,3,-,-,-,-,-,-,Palossand (Z),,,
,-,1,2,-,-,1,-,3,2,Pyukumuku,,,
,-,-,-,-,-,-,-,-,-,Pyukumuku (T),,,
,-,-,2,-,-,-,-,-,-,Pyukumuku (Z),,,
,-,3,3,-,-,3,-,5,4,Type: Null,,,
,-,-,-,-,-,-,-,-,-,Type: Null (T),,,
,-,-,3,-,-,-,-,-,-,Type: Null (Z),,,
,-,12,10,-,-,10,-,10,11,Silvally,,,
,-,-,-,-,-,-,-,-,-,Silvally (T),,,
,-,-,10,-,-,-,-,-,-,Silvally (Z),,,
,-,-,-,-,-,-,-,-,-,-,,,
,-,-,-,-,-,-,-,-,-,- (T),,,
,-,-,-,-,-,-,-,-,-,- (Z),,,
,-,-,-,-,-,-,-,-,-,-,,,
,-,-,-,-,-,-,-,-,-,- (T),,,
,-,-,-,-,-,-,-,-,-,- (Z),,,
,-,-,-,-,-,-,-,-,-,-,,,
,-,-,-,-,-,-,-,-,-,- (T),,,
,-,-,-,-,-,-,-,-,-,- (Z),,,
,-,-,-,-,-,-,-,-,-,-,,,
,-,-,-,-,-,-,-,-,-,- (T),,,
,-,-,-,-,-,-,-,-,-,- (Z),,,
,-,-,-,-,-,-,-,-,-,-,,,
,-,-,-,-,-,-,-,-,-,- (T),,,
,-,-,-,-,-,-,-,-,-,- (Z),,,
,-,-,-,-,-,-,-,-,-,-,,,
,-,-,-,-,-,-,-,-,-,- (T),,,
,-,-,-,-,-,-,-,-,-,- (Z),,,
,-,-,-,-,-,-,-,-,-,-,,,
,-,-,-,-,-,-,-,-,-,- (T),,,
,-,-,-,-,-,-,-,-,-,- (Z),,,
,-,-,-,-,-,-,-,-,-,-,,,
,-,-,-,-,-,-,-,-,-,- (T),,,
,-,-,-,-,-,-,-,-,-,- (Z),,,
,-,-,-,-,-,-,-,-,-,-,,,
,-,-,-,-,-,-,-,-,-,- (T),,,
,-,-,-,-,-,-,-,-,-,- (Z),,,
,-,-,-,-,-,-,-,-,-,-,,,
,-,-,-,-,-,-,-,-,-,- (T),,,
,-,-,-,-,-,-,-,-,-,- (Z),,,
,-,-,-,-,-,-,-,-,-,-,,,
,-,-,-,-,-,-,-,-,-,- (T),,,
,-,-,-,-,-,-,-,-,-,- (Z),,,
,-,-,-,-,-,-,-,-,-,-,,,
,-,-,-,-,-,-,-,-,-,- (T),,,
,-,-,-,-,-,-,-,-,-,- (Z),,,
,-,-,-,-,-,-,-,-,-,-,,,
,-,-,-,-,-,-,-,-,-,- (T),,,
,-,-,-,-,-,-,-,-,-,- (Z),,,
,-,-,-,-,-,-,-,-,-,-,,,
,-,-,-,-,-,-,-,-,-,- (T),,,
,-,-,-,-,-,-,-,-,-,- (Z),,,
,-,-,-,-,-,-,-,-,-,-,,,
,-,-,-,-,-,-,-,-,-,- (T),,,
,-,-,-,-,-,-,-,-,-,- (Z),,,
,-,-,-,-,-,-,-,-,-,-,,,
,-,-,-,-,-,-,-,-,-,- (T),,,
,-,-,-,-,-,-,-,-,-,- (Z),,,
,-,-,-,-,-,-,-,-,-,-,,,
,-,-,-,-,-,-,-,-,-,- (T),,,
,-,-,-,-,-,-,-,-,-,- (Z),,,
,2,-,2,-,1,2,-,5,2,Minior,,,
,2,-,-,-,-,-,-,-,-,Minior (T),,,
,-,-,2,-,-,-,-,-,-,Minior (Z),,,
,-,-,-,-,-,-,-,-,-,-,,,
,-,-,-,-,-,-,-,-,-,- (T),,,
,-,-,-,-,-,-,-,-,-,- (Z),,,
,1,-,2,-,1,1,-,2,2,Komala,,,
,1,-,-,-,-,-,-,-,-,Komala (T),,,
,-,-,2,-,-,-,-,-,-,Komala (Z),,,
,-,4,1,-,-,2,-,1,2,Turtonator,,,
,-,-,-,-,-,-,-,-,-,Turtonator (T),,,
,-,-,1,-,-,-,-,-,-,Turtonator (Z),,,
,-,2,2,-,-,2,-,2,2,Togedemaru,,,
,-,-,-,-,-,-,-,-,-,Togedemaru (T),,,
,-,-,2,-,-,-,-,-,-,Togedemaru (Z),,,
,7,5,7,-,10,7,-,7,8,Mimikyu,,,
,7,-,-,-,-,-,-,-,-,Mimikyu (T),,,
,-,-,7,-,-,-,-,-,-,Mimikyu (Z),,,
,3,-,2,-,8,2,-,3,4,Bruxish,,,
,3,-,-,-,-,-,-,-,-,Bruxish (T),,,
,-,-,2,-,-,-,-,-,-,Bruxish (Z),,,
,-,3,3,-,-,3,-,4,5,Drampa,,,
,-,-,-,-,-,-,-,-,-,Drampa (T),,,
,-,-,3,-,-,-,-,-,-,Drampa (Z),,,
,-,3,4,-,-,5,-,7,6,Dhelmise,,,
,-,-,-,-,-,-,-,-,-,Dhelmise (T),,,
,-,-,4,-,-,-,-,-,-,Dhelmise (Z),,,
,1,1,1,-,1,1,7,1,1,Jangmo-o,,,
,1,-,-,-,-,-,-,-,-,Jangmo-o (T),,,
,-,-,1,-,-,-,-,-,-,Jangmo-o (Z),,,
,1,1,1,-,1,1,-,1,1,Hakamo-o,,,
,1,-,-,-,-,-,-,-,-,Hakamo-o (T),,,
,-,-,1,-,-,-,-,-,-,Hakamo-o (Z),,,
,10,10,12,-,11,9,-,11,13,Kommo-o,,,
,11,-,-,-,-,-,-,-,-,Kommo-o (T),,,
,-,-,12,-,-,-,-,-,-,Kommo-o (Z),,,
,-,19,20,-,-,18,-,19,18,Tapu Koko,,,
,-,-,-,-,-,-,-,-,-,Tapu Koko (T),,,
,-,-,20,-,-,-,-,-,-,Tapu Koko (Z),,,
,-,13,99,-,-,14,-,17,14,Tapu Lele,,,
,-,-,-,-,-,-,-,-,-,Tapu Lele (T),,,
,-,-,99,-,-,-,-,-,-,Tapu Lele (Z),,,
,-,9,10,-,-,10,-,11,10,Tapu Bulu,,,
,-,-,-,-,-,-,-,-,-,Tapu Bulu (T),,,
,-,-,10,-,-,-,-,-,-,Tapu Bulu (Z),,,
,-,15,16,-,-,15,-,19,15,Tapu Fini,,,
,-,-,-,-,-,-,-,-,-,Tapu Fini (T),,,
,-,-,16,-,-,-,-,-,-,Tapu Fini (Z),,,
,1,1,1,-,-,1,-,1,1,Cosmog,,,
,1,-,-,-,-,-,-,-,-,Cosmog (T),,,
,-,-,1,-,-,-,-,-,-,Cosmog (Z),,,
,1,1,1,-,-,1,-,1,1,Cosmoem,,,
,1,-,-,-,-,-,-,-,-,Cosmoem (T),,,
,-,-,1,-,-,-,-,-,-,Cosmoem (Z),,,
,99,99,99,-,-,99,-,24,99,Solgaleo,,,
,99,-,-,-,-,-,-,-,-,Solgaleo (T),,,
,-,-,99,-,-,-,-,-,-,Solgaleo (Z),,,
,99,99,99,-,-,99,-,27,99,Lunala,,,
,99,-,-,-,-,-,-,-,-,Lunala (T),,,
,-,-,99,-,-,-,-,-,-,Lunala (Z),,,
,-,13,12,-,-,12,-,14,12,Nihilego,,,
,-,-,-,-,-,-,-,-,-,Nihilego (T),,,
,-,-,12,-,-,-,-,-,-,Nihilego (Z),,,
,-,11,10,-,-,12,-,14,14,Buzzwole,,,
,-,-,-,-,-,-,-,-,-,Buzzwole (T),,,
,-,-,10,-,-,-,-,-,-,Buzzwole (Z),,,
,-,99,99,-,-,99,-,24,99,Pheromosa,,,
,-,-,-,-,-,-,-,-,-,Pheromosa (T),,,
,-,-,99,-,-,-,-,-,-,Pheromosa (Z),,,
,-,5,7,-,-,7,-,8,9,Xurkitree,,,
,-,-,-,-,-,-,-,-,-,Xurkitree (T),,,
,-,-,7,-,-,-,-,-,-,Xurkitree (Z),,,
,-,17,18,-,-,14,-,13,15,Celesteela,,,
,-,-,-,-,-,-,-,-,-,Celesteela (T),,,
,-,-,18,-,-,-,-,-,-,Celesteela (Z),,,
,-,18,16,-,-,16,-,15,16,Kartana,,,
,-,-,-,-,-,-,-,-,-,Kartana (T),,,
,-,-,16,-,-,-,-,-,-,Kartana (Z),,,
,-,4,3,-,-,3,-,2,5,Guzzlord,,,
,-,-,-,-,-,-,-,-,-,Guzzlord (T),,,
,-,-,3,-,-,-,-,-,-,Guzzlord (Z),,,
,12,16,16,-,99,16,-,13,17,Necrozma,,,
,13,-,-,-,-,-,-,-,-,Necrozma (T),,,
,-,-,16,-,-,-,-,-,-,Necrozma (Z),,,
,-,-,99,-,-,99,-,99,99,Necrozma-Ultra,,,
,99,99,99,-,-,99,-,99,99,Necrozma-Dusk-Mane,,,
,99,-,-,-,-,-,-,-,-,Necrozma-Dusk-Mane (T),,,
,-,-,99,-,-,-,-,-,-,Necrozma-Dusk-Mane (Z),,,
,99,99,99,-,-,99,-,20,99,Necrozma-Dawn-Wings,,,
,99,-,-,-,-,-,-,-,-,Necrozma-Dawn-Wings (T),,,
,-,-,99,-,-,-,-,-,-,Necrozma-Dawn-Wings (Z),,,
,99,99,99,-,99,99,-,23,99,Magearna,,,
,99,-,-,-,-,-,-,-,-,Magearna (T),,,
,-,-,99,-,-,-,-,-,-,Magearna (Z),,,
,-,-,-,-,-,-,-,-,-,-,,,
,-,-,-,-,-,-,-,-,-,- (T),,,
,-,-,-,-,-,-,-,-,-,- (Z),,,
,-,99,99,-,-,99,-,30,99,Marshadow,,,
,-,-,-,-,-,-,-,-,-,Marshadow (T),,,
,-,-,99,-,-,-,-,-,-,Marshadow (Z),,,
,-,1,1,-,-,1,-,1,1,Poipole,,,
,-,-,-,-,-,-,-,-,-,Poipole (T),,,
,-,-,1,-,-,-,-,-,-,Poipole (Z),,,
,-,99,99,-,-,99,-,20,99,Naganadel,,,
,-,-,-,-,-,-,-,-,-,Naganadel (T),,,
,-,-,99,-,-,-,-,-,-,Naganadel (Z),,,
,-,4,5,-,-,6,-,5,7,Stakataka,,,
,-,-,-,-,-,-,-,-,-,Stakataka (T),,,
,-,-,5,-,-,-,-,-,-,Stakataka (Z),,,
,-,14,12,-,-,12,-,12,13,Blacephalon,,,
,-,-,-,-,-,-,-,-,-,Blacephalon (T),,,
,-,-,12,-,-,-,-,-,-,Blacephalon (Z),,,
,-,18,19,-,-,17,-,16,16,Zeraora,,,
,-,-,-,-,-,-,-,-,-,Zeraora (T),,,
,-,-,19,-,-,-,-,-,-,Zeraora (Z),,,
,-,1,-,-,-,1,-,1,1,Meltan,,,
,-,-,-,-,-,-,-,-,-,Meltan (T),,,
,-,-,-,-,-,-,-,-,-,Meltan (Z),,,
,-,16,-,-,-,15,-,15,15,Melmetal,,,
,-,-,-,-,-,-,-,-,-,Melmetal (T),,,
,1,1,-,-,1,1,14,1,1,Grookey,,,
,1,-,-,-,-,-,-,-,-,Grookey (T),,,
,2,3,-,-,5,2,-,2,4,Thwackey,,,
,2,-,-,-,-,-,-,-,-,Thwackey (T),,,
,12,13,-,-,19,14,-,13,15,Rillaboom,,,
,12,-,-,-,-,-,-,-,-,Rillaboom (T),,,
,1,1,-,-,1,1,12,1,1,Scorbunny,,,
,1,-,-,-,-,-,-,-,-,Scorbunny (T),,,
,1,1,-,-,1,1,-,1,1,Raboot,,,
,1,-,-,-,-,-,-,-,-,Raboot (T),,,
,14,14,-,-,8,14,-,16,12,Cinderace,,,
,14,-,-,-,-,-,-,-,-,Cinderace (T),,,
,1,1,-,-,1,1,5,1,1,Sobble,,,
,1,-,-,-,-,-,-,-,-,Sobble (T),,,
,1,1,-,-,1,1,-,1,1,Drizzile,,,
,1,-,-,-,-,-,-,-,-,Drizzile (T),,,
,6,4,-,-,5,5,-,9,7,Inteleon,,,
,6,-,-,-,-,-,-,-,-,Inteleon (T),,,
,1,1,-,-,1,1,2,1,1,Skwovet,,,
,1,-,-,-,-,-,-,-,-,Skwovet (T),,,
,1,2,-,-,2,1,-,1,2,Greedent,,,
,1,-,-,-,-,-,-,-,-,Greedent (T),,,
,1,1,-,-,1,1,4,1,1,Rookidee,,,
,1,-,-,-,-,-,-,-,-,Rookidee (T),,,
,1,1,-,-,1,1,-,1,1,Corvisquire,,,
,1,-,-,-,-,-,-,-,-,Corvisquire (T),,,
,10,11,-,-,10,10,-,15,12,Corviknight,,,
,10,-,-,-,-,-,-,-,-,Corviknight (T),,,
,-,1,-,-,-,1,2,1,1,Blipbug,,,
,-,-,-,-,-,-,-,-,-,Blipbug (T),,,
,-,1,-,-,-,1,-,2,1,Dottler,,,
,-,-,-,-,-,-,-,-,-,Dottler (T),,,
,-,2,-,-,-,2,-,2,2,Orbeetle,,,
,-,-,-,-,-,-,-,-,-,Orbeetle (T),,,
,-,1,-,-,-,1,3,1,1,Nickit,,,
,-,-,-,-,-,-,-,-,-,Nickit (T),,,
,-,1,-,-,-,1,-,1,2,Thievul,,,
,-,-,-,-,-,-,-,-,-,Thievul (T),,,
,-,1,-,-,-,1,6,1,1,Gossifleur,,,
,-,-,-,-,-,-,-,-,-,Gossifleur (T),,,
,-,4,-,-,-,3,-,3,5,Eldegoss,,,
,-,-,-,-,-,-,-,-,-,Eldegoss (T),,,
,-,1,-,-,-,1,5,1,1,Wooloo,,,
,-,-,-,-,-,-,-,-,-,Wooloo (T),,,
,-,1,-,-,-,1,-,1,2,Dubwool,,,
,-,-,-,-,-,-,-,-,-,Dubwool (T),,,
,1,1,-,-,1,1,7,1,1,Chewtle,,,
,1,-,-,-,-,-,-,-,-,Chewtle (T),,,
,3,2,-,-,3,4,-,4,2,Drednaw,,,
,3,-,-,-,-,-,-,-,-,Drednaw (T),,,
,-,1,-,-,-,1,4,1,1,Yamper,,,
,-,-,-,-,-,-,-,-,-,Yamper (T),,,
,-,1,-,-,-,2,-,3,3,Boltund,,,
,-,-,-,-,-,-,-,-,-,Boltund (T),,,
,1,1,-,-,1,1,5,1,1,Rolycoly,,,
,1,-,-,-,-,-,-,-,-,Rolycoly (T),,,
,1,1,-,-,1,1,-,1,1,Carkol,,,
,1,-,-,-,-,-,-,-,-,Carkol (T),,,
,2,3,-,-,2,2,-,4,4,Coalossal,,,
,2,-,-,-,-,-,-,-,-,Coalossal (T),,,
,1,1,-,-,1,1,2,1,1,Applin,,,
,1,-,-,-,-,-,-,-,-,Applin (T),,,
,2,1,-,-,3,2,-,4,3,Flapple,,,
,2,-,-,-,-,-,-,-,-,Flapple (T),,,
,2,2,-,-,3,3,-,1,3,Appletun,,,
,2,-,-,-,-,-,-,-,-,Appletun (T),,,
,1,1,-,-,1,1,5,1,1,Silicobra,,,
,1,-,-,-,-,-,-,-,-,Silicobra (T),,,
,3,2,-,-,2,3,-,6,4,Sandaconda,,,
,3,-,-,-,-,-,-,-,-,Sandaconda (T),,,
,1,1,-,-,1,1,-,1,2,Cramorant,,,
,1,-,-,-,-,-,-,-,-,Cramorant (T),,,
,1,1,-,-,1,1,5,1,1,Arrokuda,,,
,1,-,-,-,-,-,-,-,-,Arrokuda (T),,,
,8,8,-,-,6,9,-,8,9,Barraskewda,,,
,9,-,-,-,-,-,-,-,-,Barraskewda (T),,,
,1,1,-,-,1,1,1,1,1,Toxel,,,
,1,-,-,-,-,-,-,-,-,Toxel (T),,,
,6,6,-,-,7,7,-,7,10,Toxtricity,,,
,7,-,-,-,-,-,-,-,-,Toxtricity (T),,,
,-,-,-,-,-,-,-,-,-,-,,,
,-,-,-,-,-,-,-,-,-,- (T),,,
,-,1,-,-,-,1,6,1,1,Sizzlipede,,,
,-,-,-,-,-,-,-,-,-,Sizzlipede (T),,,
,-,2,-,-,-,2,-,6,4,Centiskorch,,,
,-,-,-,-,-,-,-,-,-,Centiskorch (T),,,
,-,1,-,-,-,1,5,1,1,Clobbopus,,,
,-,-,-,-,-,-,-,-,-,Clobbopus (T),,,
,-,1,-,-,-,1,-,1,1,Grapploct,,,
,-,-,-,-,-,-,-,-,-,Grapploct (T),,,
,1,1,-,-,1,1,6,1,1,Sinistea,,,
,1,-,-,-,-,-,-,-,-,Sinistea (T),,,
,4,4,-,-,3,4,-,8,4,Polteageist,,,
,5,-,-,-,-,-,-,-,-,Polteageist (T),,,
,1,1,-,-,1,1,3,1,1,Hatenna,,,
,1,-,-,-,-,-,-,-,-,Hatenna (T),,,
,1,1,-,-,1,1,-,2,1,Hattrem,,,
,1,-,-,-,-,-,-,-,-,Hattrem (T),,,
,9,9,-,-,11,11,-,11,8,Hatterene,,,
,10,-,-,-,-,-,-,-,-,Hatterene (T),,,
,1,1,-,-,1,1,8,1,1,Impidimp,,,
,1,-,-,-,-,-,-,-,-,Impidimp (T),,,
,1,1,-,-,5,1,-,2,1,Morgrem,,,
,1,-,-,-,-,-,-,-,-,Morgrem (T),,,
,8,7,-,-,14,7,-,12,10,Grimmsnarl,,,
,8,-,-,-,-,-,-,-,-,Grimmsnarl (T),,,
,-,8,-,-,-,7,-,9,10,Obstagoon,,,
,-,-,-,-,-,-,-,-,-,Obstagoon (T),,,
,1,1,-,-,3,1,-,1,2,Perrserker,,,
,1,-,-,-,-,-,-,-,-,Perrserker (T),,,
,-,2,-,-,-,2,-,2,2,Cursola,,,
,-,-,-,-,-,-,-,-,-,Cursola (T),,,
,-,2,-,-,-,2,-,6,5,Sirfetch'd,,,
,-,-,-,-,-,-,-,-,-,Sirfetch'd (T),,,
,-,1,-,-,-,1,-,2,1,Mr. Rime,,,
,-,-,-,-,-,-,-,-,-,Mr. Rime (T),,,
,-,2,-,-,-,3,-,6,4,Runerigus,,,
,-,-,-,-,-,-,-,-,-,Runerigus (T),,,
,1,1,-,-,1,1,2,1,1,Milcery,,,
,1,-,-,-,-,-,-,-,-,Milcery (T),,,
,1,2,-,-,4,1,-,2,2,Alcremie,,,
,1,-,-,-,-,-,-,-,-,Alcremie (T),,,
,1,1,-,-,2,1,-,1,2,Falinks,,,
,1,-,-,-,-,-,-,-,-,Falinks (T),,,
,2,2,-,-,1,3,-,3,2,Pincurchin,,,
,2,-,-,-,-,-,-,-,-,Pincurchin (T),,,
,1,1,-,-,1,1,1,1,1,Snom,,,
,1,-,-,-,-,-,-,-,-,Snom (T),,,
,1,1,-,-,4,2,-,1,2,Frosmoth,,,
,2,-,-,-,-,-,-,-,-,Frosmoth (T),,,
,1,1,-,-,2,1,-,1,2,Stonjourner,,,
,1,-,-,-,-,-,-,-,-,Stonjourner (T),,,
,1,2,-,-,1,1,-,1,2,Eiscue,,,
,1,-,-,-,-,-,-,-,-,Eiscue (T),,,
,-,-,-,-,-,-,-,-,-,-,,,
,-,-,-,-,-,-,-,-,-,- (T),,,
,3,3,-,-,-,-,-,5,4,Indeedee,,,
,3,-,-,-,-,-,-,-,-,Indeedee (T),,,
,-,-,-,-,12,-,-,-,-,Indeedee-Male,,,
,-,-,-,-,-,-,-,-,-,Indeedee-Male (T),,,
,-,-,-,-,17,3,-,-,-,Indeedee-Female,,,
,-,-,-,-,-,-,-,-,-,Indeedee-Female (T),,,
,1,1,-,-,2,1,-,1,2,Morpeko,,,
,1,-,-,-,-,-,-,-,-,Morpeko (T),,,
,-,-,-,-,-,-,-,-,-,-,,,
,-,-,-,-,-,-,-,-,-,- (T),,,
,1,1,-,-,1,1,10,1,1,Cufant,,,
,1,-,-,-,-,-,-,-,-,Cufant (T),,,
,2,5,-,-,3,3,-,5,9,Copperajah,,,
,2,-,-,-,-,-,-,-,-,Copperajah (T),,,
,-,6,-,-,-,7,-,12,10,Dracozolt,,,
,-,-,-,-,-,-,-,-,-,Dracozolt (T),,,
,-,5,-,-,-,6,-,7,8,Arctozolt,,,
,-,-,-,-,-,-,-,-,-,Arctozolt (T),,,
,-,13,-,-,-,13,-,14,12,Dracovish,,,
,-,-,-,-,-,-,-,-,-,Dracovish (T),,,
,-,2,-,-,-,3,-,4,2,Arctovish,,,
,-,-,-,-,-,-,-,-,-,Arctovish (T),,,
,3,2,-,-,4,3,99,1,3,Duraludon,,,
,3,-,-,-,-,-,-,-,-,Duraludon (T),,,
,1,1,-,-,1,1,3,1,1,Dreepy,,,
,1,-,-,-,-,-,-,-,-,Dreepy (T),,,
,1,1,-,-,1,1,-,1,1,Drakloak,,,
,1,-,-,-,-,-,-,-,-,Drakloak (T),,,
,99,99,-,-,15,99,-,19,99,Dragapult,,,
,99,-,-,-,-,-,-,-,-,Dragapult (T),,,
,99,99,-,-,99,99,-,26,99,Zacian,,,
,99,-,-,-,-,-,-,-,-,Zacian (T),,,
,-,-,-,-,-,99,-,99,99,Zacian-Crowned,,,
,-,-,-,-,-,-,-,-,-,Zacian-Crowned (T),,,
,99,99,-,-,99,99,-,21,99,Zamazenta,,,
,99,-,-,-,-,-,-,-,-,Zamazenta (T),,,
,-,-,-,-,-,99,-,-,99,Zamazenta-Crowned,,,
,-,-,-,-,-,-,-,-,-,Zamazenta-Crowned (T),,,
,99,99,-,-,99,99,-,29,99,Eternatus,,,
,99,-,-,-,-,-,-,-,-,Eternatus (T),,,
,-,-,-,-,-,99,-,99,99,Eternamax Eternatus,,,
,-,-,-,-,-,-,-,-,-,Eternamax Eternatus (T),,,
,1,1,-,-,1,1,-,1,1,Kubfu,,,
,1,-,-,-,-,-,-,-,-,Kubfu (T),,,
,14,99,-,-,20,15,-,17,20,Urshifu-Single-Strike,,,
,16,-,-,-,-,-,-,-,-,Urshifu-Single-Strike (T),,,
,14,12,-,-,20,14,-,15,13,Urshifu-Rapid-Strike,,,
,16,-,-,-,-,-,-,-,-,Urshifu-Rapid-Strike (T),,,
,11,13,-,-,99,13,-,14,14,Zarude,,,
,19,-,-,-,-,-,-,-,-,Zarude (T),,,
,-,-,-,-,-,-,-,-,-,-,,,
,-,-,-,-,-,-,-,-,-,- (T),,,
,6,6,-,-,12,7,-,8,8,Regieleki,,,
,-,-,-,-,-,-,-,-,-,Regieleki (T),,,
,5,4,-,-,16,5,-,7,6,Regidrago,,,
,6,-,-,-,-,-,-,-,-,Regidrago (T),,,
,4,3,-,-,9,4,-,5,7,Glastrier,,,
,5,-,-,-,-,-,-,-,-,Glastrier (T),,,
,99,99,-,-,14,99,-,15,99,Spectrier,,,
,99,-,-,-,-,-,-,-,-,Spectrier (T),,,
,1,1,-,-,99,1,-,1,1,Calyrex,,,
,1,-,-,-,-,-,-,-,-,Calyrex (T),,,
,99,99,-,-,-,99,-,28,99,Calyrex-Ice-Rider,,,
,99,-,-,-,-,-,-,-,-,Calyrex-Ice-Rider (T),,,
,99,99,-,-,-,99,-,99,99,Calyrex-Shadow-Rider,,,
,99,-,-,-,-,-,-,-,-,Calyrex-Shadow-Rider (T),,,
,1,-,-,-,3,1,-,2,-,Wyrdeer,,,
,1,-,-,-,-,-,-,-,-,Wyrdeer (T),,,
,6,-,-,-,4,5,-,10,-,Kleavor,,,
,6,-,-,-,-,-,-,-,-,Kleavor (T),,,
,12,-,-,-,17,12,-,15,-,Ursaluna,,,
,13,-,-,-,-,-,-,-,-,Ursaluna (T),,,
,12,-,-,-,19,14,-,14,-,Ursaluna-Bloodmoon,,,
,-,-,-,-,-,-,-,-,-,Ursaluna-Bloodmoon (T),,,
,10,-,-,-,12,9,-,8,-,Basculegion,,,
,10,-,-,-,-,-,-,-,-,Basculegion (T),,,
,-,-,-,-,-,-,-,-,-,-,,,
,-,-,-,-,-,-,-,-,-,- (T),,,
,15,-,-,-,15,16,-,16,-,Sneasler,,,
,-,-,-,-,-,-,-,-,-,Sneasler (T),,,
,9,-,-,-,9,9,-,9,-,Overqwil,,,
,9,-,-,-,-,-,-,-,-,Overqwil (T),,,
,14,-,-,-,17,15,-,14,-,Enamorus-Incarnate,,,
,18,-,-,-,-,-,-,-,-,Enamorus-Incarnate (T),,,
,7,-,-,-,8,7,-,8,-,Enamorus-Therian,,,
,8,-,-,-,-,-,-,-,-,Enamorus-Therian (T),,,
,1,-,-,-,1,1,8,1,-,Sprigatito,,,
,1,-,-,-,-,-,-,-,-,Sprigatito (T),,,
,1,-,-,-,1,1,-,1,-,Floragato,,,
,1,-,-,-,-,-,-,-,-,Floragato (T),,,
,19,-,-,-,8,18,-,16,-,Meowscarada,,,
,19,-,-,-,-,-,-,-,-,Meowscarada (T),,,
,1,-,-,-,1,1,8,1,-,Fuecoco,,,
,1,-,-,-,-,-,-,-,-,Fuecoco (T),,,
,1,-,-,-,1,1,-,1,-,Crocalor,,,
,1,-,-,-,-,-,-,-,-,Crocalor (T),,,
,8,-,-,-,8,8,-,13,-,Skeledirge,,,
,9,-,-,-,-,-,-,-,-,Skeledirge (T),,,
,1,-,-,-,1,1,10,1,-,Quaxly,,,
,1,-,-,-,-,-,-,-,-,Quaxly (T),,,
,1,-,-,-,1,1,-,1,-,Quaxwell,,,
,1,-,-,-,-,-,-,-,-,Quaxwell (T),,,
,13,-,-,-,6,13,-,13,-,Quaquaval,,,
,16,-,-,-,-,-,-,-,-,Quaquaval (T),,,
,1,-,-,-,1,1,3,1,-,Lechonk,,,
,1,-,-,-,-,-,-,-,-,Lechonk (T),,,
,1,-,-,-,1,1,-,1,-,Oinkologne,,,
,1,-,-,-,-,-,-,-,-,Oinkologne (T),,,
,-,-,-,-,-,-,-,-,-,-,,,
,-,-,-,-,-,-,-,-,-,- (T),,,
,1,-,-,-,1,1,4,1,-,Tarountula,,,
,1,-,-,-,-,-,-,-,-,Tarountula (T),,,
,1,-,-,-,1,1,-,2,-,Spidops,,,
,1,-,-,-,-,-,-,-,-,Spidops (T),,,
,1,-,-,-,1,1,9,1,-,Nymble,,,
,1,-,-,-,-,-,-,-,-,Nymble (T),,,
,6,-,-,-,4,6,-,8,-,Lokix,,,
,6,-,-,-,-,-,-,-,-,Lokix (T),,,
,1,-,-,-,1,1,5,1,-,Pawmi,,,
,1,-,-,-,-,-,-,-,-,Pawmi (T),,,
,1,-,-,-,1,1,-,1,-,Pawmo,,,
,1,-,-,-,-,-,-,-,-,Pawmo (T),,,
,6,-,-,-,6,8,-,10,-,Pawmot,,,
,6,-,-,-,-,-,-,-,-,Pawmot (T),,,
,1,-,-,-,1,1,5,1,-,Tandemaus,,,
,1,-,-,-,-,-,-,-,-,Tandemaus (T),,,
,4,-,-,-,12,4,-,7,-,Maushold,,,
,4,-,-,-,-,-,-,-,-,Maushold (T),,,
,1,-,-,-,1,1,6,1,-,Fidough,,,
,1,-,-,-,-,-,-,-,-,Fidough (T),,,
,2,-,-,-,3,2,-,4,-,Dachsbun,,,
,2,-,-,-,-,-,-,-,-,Dachsbun (T),,,
,1,-,-,-,1,1,4,1,-,Smoliv,,,
,1,-,-,-,-,-,-,-,-,Smoliv (T),,,
,1,-,-,-,1,1,-,1,-,Dolliv,,,
,1,-,-,-,-,-,-,-,-,Dolliv (T),,,
,4,-,-,-,6,4,-,5,-,Arboliva,,,
,4,-,-,-,-,-,-,-,-,Arboliva (T),,,
,2,-,-,-,2,1,-,1,-,Squawkabilly,,,
,2,-,-,-,-,-,-,-,-,Squawkabilly (T),,,
,1,-,-,-,1,1,5,1,-,Nacli,,,
,1,-,-,-,-,-,-,-,-,Nacli (T),,,
,2,-,-,-,1,1,-,2,-,Naclstack,,,
,2,-,-,-,-,-,-,-,-,Naclstack (T),,,
,7,-,-,-,8,8,-,10,-,Garganacl,,,
,8,-,-,-,-,-,-,-,-,Garganacl (T),,,
,1,-,-,-,1,1,3,1,-,Charcadet,,,
,1,-,-,-,-,-,-,-,-,Charcadet (T),,,
,7,-,-,-,10,7,-,6,-,Armarouge,,,
,7,-,-,-,-,-,-,-,-,Armarouge (T),,,
,10,-,-,-,10,11,-,8,-,Ceruledge,,,
,12,-,-,-,-,-,-,-,-,Ceruledge (T),,,
,1,-,-,-,1,1,4,1,-,Tadbulb,,,
,1,-,-,-,-,-,-,-,-,Tadbulb (T),,,
,6,-,-,-,5,6,-,5,-,Bellibolt,,,
,7,-,-,-,-,-,-,-,-,Bellibolt (T),,,
,1,-,-,-,1,1,11,1,-,Wattrel,,,
,1,-,-,-,-,-,-,-,-,Wattrel (T),,,
,7,-,-,-,5,7,-,3,-,Kilowattrel,,,
,7,-,-,-,-,-,-,-,-,Kilowattrel (T),,,
,1,-,-,-,1,1,8,1,-,Maschiff,,,
,1,-,-,-,-,-,-,-,-,Maschiff (T),,,
,2,-,-,-,1,2,-,4,-,Mabosstiff,,,
,2,-,-,-,-,-,-,-,-,Mabosstiff (T),,,
,1,-,-,-,1,1,10,1,-,Shroodle,,,
,1,-,-,-,-,-,-,-,-,Shroodle (T),,,
,3,-,-,-,3,3,-,5,-,Grafaiai,,,
,3,-,-,-,-,-,-,-,-,Grafaiai (T),,,
,1,-,-,-,1,1,7,1,-,Bramblin,,,
,1,-,-,-,-,-,-,-,-,Bramblin (T),,,
,5,-,-,-,6,5,-,7,-,Brambleghast,,,
,5,-,-,-,-,-,-,-,-,Brambleghast (T),,,
,1,-,-,-,2,1,10,1,-,Toedscool,,,
,1,-,-,-,-,-,-,-,-,Toedscool (T),,,
,3,-,-,-,5,4,-,6,-,Toedscruel,,,
,3,-,-,-,-,-,-,-,-,Toedscruel (T),,,
,1,-,-,-,1,2,-,1,-,Klawf,,,
,1,-,-,-,-,-,-,-,-,Klawf (T),,,
,1,-,-,-,1,1,6,1,-,Capsakid,,,
,1,-,-,-,-,-,-,-,-,Capsakid (T),,,
,1,-,-,-,1,1,-,6,-,Scovillain,,,
,1,-,-,-,-,-,-,-,-,Scovillain (T),,,
,1,-,-,-,1,1,3,1,-,Rellor,,,
,1,-,-,-,-,-,-,-,-,Rellor (T),,,
,1,-,-,-,3,1,-,1,-,Rabsca,,,
,1,-,-,-,-,-,-,-,-,Rabsca (T),,,
,1,-,-,-,1,1,11,1,-,Flittle,,,
,1,-,-,-,-,-,-,-,-,Flittle (T),,,
,7,-,-,-,3,6,-,10,-,Espathra,,,
,10,-,-,-,-,-,-,-,-,Espathra (T),,,
,1,-,-,-,1,1,9,1,-,Tinkatink,,,
,1,-,-,-,-,-,-,-,-,Tinkatink (T),,,
,1,-,-,-,2,1,-,1,-,Tinkatuff,,,
,1,-,-,-,-,-,-,-,-,Tinkatuff (T),,,
,10,-,-,-,11,10,-,7,-,Tinkaton,,,
,10,-,-,-,-,-,-,-,-,Tinkaton (T),,,
,1,-,-,-,1,1,4,1,-,Wiglett,,,
,1,-,-,-,-,-,-,-,-,Wiglett (T),,,
,1,-,-,-,1,1,-,1,-,Wugtrio,,,
,1,-,-,-,-,-,-,-,-,Wugtrio (T),,,
,3,-,-,-,2,1,-,5,-,Bombirdier,,,
,3,-,-,-,-,-,-,-,-,Bombirdier (T),,,
,1,-,-,-,1,1,5,1,-,Finizen,,,
,1,-,-,-,-,-,-,-,-,Finizen (T),,,
,17,-,-,-,8,17,-,16,-,Palafin,,,
,-,-,-,-,-,-,-,-,-,Palafin (T),,,
,-,-,-,-,-,-,-,-,-,-,,,
,-,-,-,-,-,-,-,-,-,- (T),,,
,1,-,-,-,1,1,7,1,-,Varoom,,,
,1,-,-,-,-,-,-,-,-,Varoom (T),,,
,7,-,-,-,4,8,-,7,-,Revavroom,,,
,8,-,-,-,-,-,-,-,-,Revavroom (T),,,
,7,-,-,-,6,8,-,7,-,Cyclizar,,,
,7,-,-,-,-,-,-,-,-,Cyclizar (T),,,
,2,-,-,-,5,2,-,6,-,Orthworm,,,
,2,-,-,-,-,-,-,-,-,Orthworm (T),,,
,1,-,-,-,1,1,12,1,-,Glimmet,,,
,1,-,-,-,-,-,-,-,-,Glimmet (T),,,
,12,-,-,-,13,13,-,15,-,Glimmora,,,
,12,-,-,-,-,-,-,-,-,Glimmora (T),,,
,1,-,-,-,1,1,10,1,-,Greavard,,,
,1,-,-,-,-,-,-,-,-,Greavard (T),,,
,4,-,-,-,6,3,-,5,-,Houndstone,,,
,4,-,-,-,-,-,-,-,-,Houndstone (T),,,
,3,-,-,-,3,3,-,7,-,Flamigo,,,
,3,-,-,-,-,-,-,-,-,Flamigo (T),,,
,1,-,-,-,1,1,7,1,-,Cetoddle,,,
,1,-,-,-,-,-,-,-,-,Cetoddle (T),,,
,6,-,-,-,6,5,-,6,-,Cetitan,,,
,6,-,-,-,-,-,-,-,-,Cetitan (T),,,
,2,-,-,-,5,2,-,2,-,Veluza,,,
,2,-,-,-,-,-,-,-,-,Veluza (T),,,
,7,-,-,-,12,7,-,12,-,Dondozo,,,
,7,-,-,-,-,-,-,-,-,Dondozo (T),,,
,3,-,-,-,16,3,-,3,-,Tatsugiri,,,
,3,-,-,-,-,-,-,-,-,Tatsugiri (T),,,
,12,-,-,-,18,14,-,13,-,Annihilape,,,
,14,-,-,-,-,-,-,-,-,Annihilape (T),,,
,8,-,-,-,2,8,-,13,-,Clodsire,,,
,8,-,-,-,-,-,-,-,-,Clodsire (T),,,
,2,-,-,-,13,2,-,4,-,Farigiraf,,,
,2,-,-,-,-,-,-,-,-,Farigiraf (T),,,
,7,-,-,-,4,7,-,9,-,Dudunsparce,,,
,7,-,-,-,-,-,-,-,-,Dudunsparce (T),,,
,11,-,-,-,17,13,-,15,-,Kingambit,,,
,16,-,-,-,-,-,-,-,-,Kingambit (T),,,
,19,-,-,-,16,19,-,17,-,Great Tusk,,,
,19,-,-,-,-,-,-,-,-,Great Tusk (T),,,
,11,-,-,-,13,11,-,14,-,Scream Tail,,,
,11,-,-,-,-,-,-,-,-,Scream Tail (T),,,
,3,-,-,-,10,4,-,6,-,Brute Bonnet,,,
,3,-,-,-,-,-,-,-,-,Brute Bonnet (T),,,
,99,-,-,-,20,99,-,22,-,Flutter Mane,,,
,99,-,-,-,-,-,-,-,-,Flutter Mane (T),,,
,8,-,-,-,6,9,-,13,-,Slither Wing,,,
,8,-,-,-,-,-,-,-,-,Slither Wing (T),,,
,11,-,-,-,11,11,-,11,-,Sandy Shocks,,,
,11,-,-,-,-,-,-,-,-,Sandy Shocks (T),,,
,16,-,-,-,11,16,-,15,-,Iron Treads,,,
,16,-,-,-,-,-,-,-,-,Iron Treads (T),,,
,15,-,-,-,16,17,-,18,-,Iron Bundle,,,
,-,-,-,-,-,-,-,-,-,Iron Bundle (T),,,
,13,-,-,-,19,14,-,14,-,Iron Hands,,,
,14,-,-,-,-,-,-,-,-,Iron Hands (T),,,
,8,-,-,-,13,9,-,8,-,Iron Jugulis,,,
,9,-,-,-,-,-,-,-,-,Iron Jugulis (T),,,
,12,-,-,-,12,14,-,15,-,Iron Moth,,,
,14,-,-,-,-,-,-,-,-,Iron Moth (T),,,
,5,-,-,-,4,4,-,6,-,Iron Thorns,,,
,5,-,-,-,-,-,-,-,-,Iron Thorns (T),,,
,1,-,-,-,1,1,6,1,-,Frigibax,,,
,1,-,-,-,-,-,-,-,-,Frigibax (T),,,
,1,-,-,-,1,1,-,1,-,Arctibax,,,
,1,-,-,-,-,-,-,-,-,Arctibax (T),,,
,15,-,-,-,14,15,-,14,-,Baxcalibur,,,
,-,-,-,-,-,-,-,-,-,Baxcalibur (T),,,
,1,-,-,-,1,1,5,1,-,Gimmighoul,,,
,1,-,-,-,-,-,-,-,-,Gimmighoul (T),,,
,15,-,-,-,18,16,-,15,-,Gholdengo,,,
,15,-,-,-,-,-,-,-,-,Gholdengo (T),,,
,5,-,-,-,5,4,-,8,-,Wo-Chien,,,
,5,-,-,-,-,-,-,-,-,Wo-Chien (T),,,
,99,-,-,-,20,99,-,22,-,Chien-Pao,,,
,99,-,-,-,-,-,-,-,-,Chien-Pao (T),,,
,16,-,-,-,15,16,-,17,-,Ting-Lu,,,
,16,-,-,-,-,-,-,-,-,Ting-Lu (T),,,
,15,-,-,-,19,15,-,19,-,Chi-Yu,,,
,16,-,-,-,-,-,-,-,-,Chi-Yu (T),,,
,16,-,-,-,19,16,-,14,-,Roaring Moon,,,
,-,-,-,-,-,-,-,-,-,Roaring Moon (T),,,
,20,-,-,-,10,19,-,18,-,Iron Valiant,,,
,-,-,-,-,-,-,-,-,-,Iron Valiant (T),,,
,99,-,-,-,99,99,-,99,-,Koraidon,,,
,99,-,-,-,-,-,-,-,-,Koraidon (T),,,
,99,-,-,-,99,99,-,99,-,Miraidon,,,
,99,-,-,-,-,-,-,-,-,Miraidon (T),,,
,13,-,-,-,12,14,-,16,-,Walking Wake,,,
,15,-,-,-,-,-,-,-,-,Walking Wake (T),,,
,5,-,-,-,5,6,-,10,-,Iron Leaves,,,
,6,-,-,-,-,-,-,-,-,Iron Leaves (T),,,
,1,-,-,-,2,1,-,3,-,Dipplin,,,
,1,-,-,-,-,-,-,-,-,Dipplin (T),,,
,1,-,-,-,2,1,6,1,-,Poltchageist,,,
,1,-,-,-,-,-,-,-,-,Poltchageist (T),,,
,9,-,-,-,16,8,-,7,-,Sinistcha,,,
,12,-,-,-,-,-,-,-,-,Sinistcha (T),,,
,8,-,-,-,11,7,-,7,-,Okidogi,,,
,9,-,-,-,-,-,-,-,-,Okidogi (T),,,
,5,-,-,-,6,6,-,8,-,Munkidori,,,
,5,-,-,-,-,-,-,-,-,Munkidori (T),,,
,8,-,-,-,5,7,-,12,-,Fezandipiti,,,
,8,-,-,-,-,-,-,-,-,Fezandipiti (T),,,
,9,-,-,-,16,11,-,18,-,Ogerpon,,,
,16,-,-,-,-,-,-,-,-,Ogerpon (T),,,
,13,-,-,-,20,15,-,-,-,Ogerpon-Wellspring,,,
,18,-,-,-,-,-,-,-,-,Ogerpon-Wellspring (T),,,
,10,-,-,-,20,11,-,-,-,Ogerpon-Hearthflame,,,
,-,-,-,-,-,-,-,-,-,Ogerpon-Hearthflame (T),,,
,11,-,-,-,18,12,-,-,-,Ogerpon-Cornerstone,,,
,11,-,-,-,-,-,-,-,-,Ogerpon-Cornerstone (T),,,
,12,-,-,-,20,12,-,11,-,Archaludon,,,
,14,-,-,-,-,-,-,-,-,Archaludon (T),,,
,8,-,-,-,5,9,-,10,-,Hydrapple,,,
,16,-,-,-,-,-,-,-,-,Hydrapple (T),,,
,16,-,-,-,18,17,-,16,-,Gouging Fire,,,
,-,-,-,-,-,-,-,-,-,Gouging Fire (T),,,
,14,-,-,-,20,14,-,13,-,Raging Bolt,,,
,19,-,-,-,-,-,-,-,-,Raging Bolt (T),,,
,12,-,-,-,10,12,-,14,-,Iron Boulder,,,
,17,-,-,-,-,-,-,-,-,Iron Boulder (T),,,
,11,-,-,-,16,11,-,9,-,Iron Crown,,,
,13,-,-,-,-,-,-,-,-,Iron Crown (T),,,
,-,-,-,-,-,-,-,-,-,-,,,
,-,-,-,-,-,-,-,-,-,- (T),,,
,18,-,-,-,99,16,-,10,-,Terapagos,,,
,-,-,-,-,-,-,-,-,-,Terapagos (T),,,
,99,-,-,-,-,-,-,99,-,Terapagos-Stellar,,,
,13,-,-,-,99,12,-,14,-,Pecharunt,,,
,14,-,-,-,-,-,-,-,-,Pecharunt (T),,,